*1, -2.11521426008
*2, -1.93775412729
*3, -2.27085805509
*4, -2.18054136264
*5, -1.96172568223
*6, -1.92119157049
*7, -2.11247046897
*8, -2.2891078818
*9, -2.20827384369
*10, -1.331289848
*11, -1.42362906686
*12, -2.68004296106
*13, -2.27872413495
*14, -2.18344094186
*15, -1.56380416122
*16, -2.12985728752
*17, -1.98281259608
*18, -1.89058284793
*19, -1.98364853384
*20, -1.89831435443
*21, -2.84200789734
*22, -2.06489274718
*23, -1.71249667041
*24, -2.13846695297
*25, -1.8862624172
*26, -2.00597033664
*27, -1.73780496609
*28, -2.17676250847
*29, -2.01068292106
*30, -2.27024443137
*31, -1.99618904934
*32, -1.57231811541
*33, -2.19493900492
*34, -1.54855359434
*35, -2.13571428643
*36, -1.92405994796
*37, -2.13599499087
*38, -1.84210776696
*39, -2.04509206541
*40, -2.03182349328
*41, -1.7859846954
*42, -1.73539008872
*43, -1.98057815947
*44, -2.52550579551
*45, -1.80671360089
*46, -1.78503014158
*47, -1.85120757837
*48, -1.84162633454
*49, -2.05206243615
*50, -1.4657702058
*51, -1.97301957379
*52, -1.41346448501
*53, -2.01888336026
*54, -2.05084786872
*55, -2.0282637477
*56, -2.47271110162
*57, -2.12437629591
*58, -1.87733853081
*59, -1.89578315327
*60, -2.86735600486
*61, -1.67191320884
*62, -2.41999241342
*63, -2.0280703017
*64, -1.90002129318
*65, -1.93654685924
*66, -1.71056892694
*67, -1.86947607505
*68, -2.22937294154
*69, -2.26191018797
*70, -2.13241779818
*71, -2.12625714208
*72, -1.85841940988
*73, -1.77708859362
*74, -1.96846315326
*75, -1.79508676103
*76, -1.99168689059
*77, -1.90345445258
*78, -1.89183947693
*79, -1.65816387724
*80, -1.62237457316
*81, -2.01133679849
*82, -1.64099789426
*83, -2.02445976188
*84, -2.24634645563
*85, -2.12294412353
*86, -1.69514809382
*87, -2.24821670399
*88, -1.97484529742
*89, -1.7406368661
*90, -2.17152651512
*91, -1.7887728918
*92, -1.63570711525
*93, -1.88716974775
*94, -1.84881202354
*95, -1.87280384559
*96, -1.94851596354
*97, -2.12075433871
*98, -2.15326474652
*99, -1.77237548257
*100, -2.57432109445
*101, -2.04429488483
*102, -1.86075836303
*103, -2.11309884937
*104, -1.90472465358
*105, -2.19796366571
*106, -1.47876528497
*107, -1.66671272951
*108, -2.44378716459
*109, -2.21262872247
*110, -1.06458368421
*111, -1.94411308701
*112, -2.16042406131
*113, -2.08969191268
*114, -1.35721858843
*115, -2.27492395432
*116, -2.04289211707
*117, -1.90258541493
*118, -1.99184146802
*119, -1.78112456321
*120, -1.27573612917
*121, -2.09998584589
*122, -2.54947356495
*123, -1.73616175067
*124, -1.90474483589
*125, -2.1145435566
*126, -2.58511855236
*127, -1.97332167173
*128, -1.83910867877
*129, -1.61200204611
*130, -1.89794926075
*131, -2.18197551053
*132, -2.11724379126
*133, -2.0338825277
*134, -1.79676156238
*135, -1.9910175969
*136, -2.09125209051
*137, -1.857097245
*138, -2.01115419096
*139, -1.80220032313
*140, -2.36921237787
*141, -2.16929002369
*142, -1.94334421269
*143, -1.54580474621
*144, -1.85763181561
*145, -2.00755821084
*146, -1.86843950067
*147, -1.97497231476
*148, -2.0168949022
*149, -2.20338226046
*150, -2.17303243995
*151, -2.31403759161
*152, -2.49637449904
*153, -2.15743902741
*154, -2.37219281893
*155, -1.90362058507
*156, -2.30448358034
*157, -2.69131261578
*158, -2.46628119948
*159, -2.37699110978
*160, -2.8633824621
*161, -2.54616790085
*162, -2.78406427069
*163, -2.54267104234
*164, -2.57507882284
*165, -2.10912903254
*166, -2.44672166066
*167, -2.44885132655
*168, -1.7189405952
*169, -2.24581674872
*170, -2.70556736871
*171, -1.84082522916
*172, -1.9407831587
*173, -2.87233906798
*174, -2.24892065072
*175, -3.74482571824
*176, -3.29977500143
*177, -2.48934708077
*178, -2.99761182666
*179, -3.47641538067
*180, -4.77340596612
*181, -9.53226811104
*182, -7.14889488951
*183, -9.15467902541
*184, -8.63036755247
*185, -8.57171333475
*186, -8.77256616457
*187, -9.50117434194
*188, -7.95344474741
*189, -8.19020545904
*190, -0.658823998522
*191, -7.62460828318
*192, -9.27720950078
*193, -7.62460828318
*194, -8.80348224135
*195, -8.33830409803
*196, -8.75158113944
*197, -8.74097303988
*198, -8.53534094509
*199, -8.35231095602
*200, -8.52301014318
*201, -7.71410643402
*202, -8.77256616457
*203, -9.88041111979
*204, -8.02514621277
*205, -9.17846025137
*206, -8.92091884389
*207, -10.4450936262
*208, -2.71546757788
*209, -8.71951993021
*210, -7.8186953353
*211, -8.042528291
*212, -3.58774090046
*213, -9.37650042159
*214, -3.32178901124
*215, -2.74814398876
*216, 0.080259525485
*217, -0.505200809409
*218, 0.402821453207
*219, 0.483378861763
*220, 0.374234290057
W1, -2.31372673918
W2, -0.07088993127
W3, -0.118053308742
W4, -0.507378037751
W5, 0.00977909610766
W6, 0.150188414495
W7, 0.664223213903
W8, 0.0495890738416
W9, 0.131457410176
W10, -0.181249825075
W11, 0.322216497036
W12, 0.081888857597
W13, 0.569041821883
W14, 0.287724814044
W15, -3.58159195118
W16, -9.16264973652
W17, -3.33644563432
W18, -4.0470625522
W19, -3.54615835451
W20, -4.61105254997
W21, -5.18238595458
W22, -8.64181757322
W23, -9.16529688412
W24, -5.61302030891
W25, -2.98075209341
W26, -7.71410643402
W27, -5.75233588445
W28, -0.46679036159
W29, -1.65662978511
W30, -7.77776507125
W31, -6.72491318898
W32, -7.89722873785
W33, 0.119071859699
W34, -3.61889252625
W35, -4.41099199933
W36, -8.48537248581
W37, 0.153171587415
W38, 0.860835673147
W39, -7.2881806186
W40, 0.533263228653
W41, -8.68672999509
W42, 0.155893360142
W43, -8.19020545904
W44, -3.09736852851
W45, -9.01197082402
W46, -7.71410643402
W47, -9.02951140533
W48, -2.82770215501
W49, -1.76051939559
W50, -4.13406613201
W51, -2.88662991605
W52, -0.00537864270431
W53, -0.854240825715
W54, -0.127618542668
W55, -1.18190212638
W56, -8.17452383681
W57, -7.40029098492
W58, -0.895146328707
W59, -4.11114873067
W60, 0.106888649689
W61, 0.22861121916
W62, -1.66280384943
W63, -7.19798280963
W64, -3.59023691327
W65, -2.86217666128
W66, --
W67, -2.45400420663
W68, -8.75158113944
W69, -8.8237309252
W70, -8.68672999509
W71, -2.41173113656
W72, -8.91148943097
W73, 0.441518551471
W74, -0.224969341425
W75, -8.43361105812
W76, 0.410539595205
W77, -6.49171401269
W78, -2.85411865488
W79, -2.7494265473
W80, -8.84369934143
W81, -6.7673484553
W82, -9.50117434194
W83, -1.5285033427
W84, 0.081330106429
W85, -10.5910387505
W86, -0.590611164428
W87, -1.84893149058
W88, -2.99742797135
W89, -1.39032015404
W90, -2.72585597408
W91, -2.33332550574
W92, -9.13860426255
W93, -2.88611521927
W94, -5.13995068826
W95, -8.8237309252
W96, -4.49102978453
W97, -3.45343980875
W98, -3.76295668618
W99, -2.51822566835
W100, -1.23345513511
W101, -4.66799564442
W102, 0.372644890795
W103, -4.50527874027
W104, 1.64095095413
W105, 0.242457950528
W106, --
W107, 0.923761738826
W108, 0.084043921402
W109, -1.71728372907
W110, -2.83492541558
W111, 2.53871323413
W112, -2.64154600709
W113, -1.09217337608
W114, 0.021716162181
W115, -2.87826913581
W116, 0.883703235878
W117, 0.419741274853
W118, 0.112959455419
W119, 0.245250659322
W120, -1.85338002845
W121, -1.64611294677
W122, -4.25923489833
W123, -5.41371150069
W124, -6.2134128502
W125, -8.59546193752
W126, -6.80857111803
W127, -2.5818130977
W128, -0.336250546863
W129, -0.961893066158
W130, -1.88121641986
W131, -5.86827736415
W132, -5.94422621738
W133, -8.67563228621
W134, -0.578931197943
W135, 0.298996185985
W136, 0.290850829207
W137, -1.39163196721
W138, -0.12881727304
W139, 0.343729896711
W140, -0.292301327512
W141, 0.990802752813
W142, -0.187174131108
W143, -0.18743810983
W144, 0.477411779064
W145, -1.94395217521
W146, 0.798996708586
W147, -0.579206830459
W148, 0.197573546472
W149, 0.479459219918
W150, -0.272543002508
W151, -6.44806731112
W152, -7.9349484038
W153, -6.19061584022
W154, 0.196409043821
W155, -6.15067709485
W156, -1.33800184086
W157, -0.135537423756
W158, -0.0198425666905
W159, 0.440427231999
W160, -8.73028636108
W161, 1.45767568176
W162, -3.70315911798
W163, 0.84177229654
W164, 0.437488674434
W165, --
W166, -0.725644561709
W167, -0.173397171352
W168, -1.41746138494
W169, -0.359972863647
W170, -0.304341929338
W171, -0.494127511882
W172, -1.09031201858
W173, -0.427714360085
W174, 0.239019292472
W175, -2.84102732974
W176, -5.61302030891
W177, -9.90437670478
W178, -1.40312223892
W179, -1.25417810509
W180, -3.50224817529
W181, -1.77758081508
W182, -3.86709531161
W183, -7.69224700006
W184, -8.09345222616
W185, -8.33830409803
W186, -2.96288567262
W187, -3.99669363728
W188, -2.79127429455
W189, -8.49802778662
W190, -1.09444237522
W191, -8.67563228621
W192, -9.67284446884
W193, -0.297692299158
W194, -0.183485988976
W195, -6.68119181155
W196, -7.87799251898
W197, -0.79765170322
W198, -0.450034878986
W199, 0.305425976528
W200, -2.04889458228
W201, -7.77776507125
W202, -2.68630473494
W203, -0.344490869943
W204, -2.70699128098
W205, -0.294033106629
W206, -8.68672999509
W207, -1.49865328396
W208, -0.294080530596
W209, 0.493451275857
W210, -1.3668261097
W211, -8.26615431227
W212, -8.93959476865
W213, -2.00609494152
W214, -0.850132628902
W215, -3.23715340691
W216, 0.16142791755
W217, -1.48739037513
W218, 0.1576953421
W219, -0.305079456373
W220, -7.64750868529
F1, -1.64797389694
F2, 0.0977468659284
F3, 0.114355469456
F4, 0.147135114864
F5, 0.326888700238
F6, -0.286777433141
F7, -0.348707101652
F8, -1.11974185922
F9, -0.40705114179
F10, 0.435835166087
F11, -0.0956439202593
F12, -0.529895931768
F13, -0.114526243305
F14, -1.93932918523
F15, -0.165971022316
F16, -2.00430390823
F17, -1.60419948944
F18, 0.260917859651
F19, -3.57268597488
F20, -4.06427989076
F21, -4.45779925496
F22, -8.89244367528
F23, -9.19409937514
F24, -5.58798375797
F25, -8.3098756897
F26, -2.98075209341
F27, -4.57571221954
F28, 0.498235376149
F29, -1.7655898474
F30, -2.49070123971
F31, -5.19762750978
F32, 0.353531062871
F33, 0.140877350992
F34, -0.0268191618306
F35, -3.84107980188
F36, -4.07249466204
F37, -0.101134427951
F38, 0.668055925789
F39, -3.55595562767
F40, 0.370806596469
F41, -0.458174551298
F42, -0.448699802607
F43, -10.1566758355
F44, -3.90699052045
F45, -1.68335701027
F46, -9.89004517923
F47, -0.889317255556
F48, -1.48652267396
F49, -5.24601116436
F50, -0.121148009419
F51, -5.0576694643
F52, 0.201548313431
F53, -1.63985224223
F54, 0.138307367243
F55, -0.031033460754
F56, 0.527872022766
F57, -1.90309242719
F58, -0.167157961518
F59, -6.16076591248
F60, -1.14805657433
F61, -0.090426285744
F62, 0.135214849073
F63, -0.0634125485702
F64, -1.16374700132
F65, 0.239865695838
F66, -0.173397171352
F67, -9.20957078391
F68, -10.5969333247
F69, -9.68949113477
F70, -10.0955355407
F71, -9.28453284159
F72, -6.36139630396
F73, 0.446576755589
F74, -0.399012735399
F75, -4.70806751754
F76, 0.239263896156
F77, -0.600850773
F78, -1.15668792893
F79, -4.83281866427
F80, -5.23605913722
F81, 0.259182123173
F82, -1.82095363921
F83, -0.0717966921569
F84, 0.0390916425851
F85, -4.70770550887
F86, -0.669765992884
F87, -0.0775525442267
F88, -4.07254043482
F89, -0.406821556761
F90, -0.528238208133
F91, -0.159044523093
F92, 0.0913741709752
F93, -3.29161165776
F94, -2.67637219973
F95, -4.33755232059
F96, -3.08908028261
F97, -3.69482054521
F98, -4.369908015
F99, -9.40365783602
F100, 0.682097517558
F101, -2.0423334156
F102, 0.133207380409
F103, -1.69342266005
F104, 0.574856069957
F105, -2.67836418492
F106, -2.94640058862
F107, 1.15595063909
F108, 0.458359540848
F109, -0.254757617065
F110, 0.282396589824
F111, 0.546107452748
F112, -6.68119181155
F113, -1.10345700622
F114, 0.430025895716
F115, -0.114685079006
F116, -0.323661717239
F117, -0.211857073071
F118, 0.2763079013
F119, 0.36261317214
F120, 0.198964993413
F121, 0.450885382034
F122, -2.31328483994
F123, -2.93176263822
F124, -7.60133850386
F125, -7.77776507125
F126, -8.12642954861
F127, -7.85849634336
F128, -0.383862634119
F129, -1.98714986461
F130, -8.17452383681
F131, -2.77430121594
F132, -6.08508875322
F133, -9.24002458045
F134, 0.314304629654
F135, -0.874362748818
F136, -0.0285422065553
F137, -0.139045666561
F138, -0.30146221014
F139, 0.997105023553
F140, 0.163144198703
F141, 0.43973718494
F142, 0.196171864164
F143, -0.717478216243
F144, -0.277882410971
F145, -0.924524302942
F146, 0.739782069851
F147, 0.624721495131
F148, -1.06553884968
F149, 0.337209524145
F150, -0.9649128264
F151, -0.071411802783
F152, -7.95344474741
F153, -10.3223821027
F154, 0.403040816794
F155, -9.98300454514
F156, -9.67284446884
F157, 0.0372912646892
F158, 0.468939074226
F159, 0.470962840687
F160, -2.61973664245
F161, 0.236873935881
F162, -4.57971145992
F163, 0.272709701452
F164, -0.122247529036
F165, 0.0532484842652
F166, 0.0104934377884
F167, 0.342319938401
F168, -0.227051406564
F169, 0.308110496663
F170, 0.295693231684
F171, 0.478089284843
F172, -0.313895790288
F173, -0.437340517647
F174, 0.052003148319
F175, -1.89889131218
F176, -1.38194238341
F177, -0.449386173734
F178, 0.232303937253
F179, -3.87982318456
F180, -1.54897380216
F181, -0.844931013047
F182, -3.02197475614
F183, -8.83374968102
F184, -8.64181757322
F185, -0.492619039183
F186, -10.5399379592
F187, -9.48219123857
F188, -9.96943678018
F189, -1.28589733577
F190, -0.0371432752602
F191, -1.70377140458
F192, -3.75322622324
F193, -0.249883016186
F194, -0.724754956937
F195, -6.40118958043
F196, -2.79480166804
F197, -0.375479144046
F198, -0.756450528005
F199, -1.93394042811
F200, -1.60689620648
F201, -0.647384066009
F202, -6.81667616766
F203, -0.0750663973864
F204, -0.395968909703
F205, -0.758718774761
F206, -9.57470337736
F207, -0.658823998522
F208, -0.125226000011
F209, -0.268621170695
F210, -4.75184101426
F211, -9.87556985672
F212, -2.5993621261
F213, -0.594044237261
F214, -0.298892501124
F215, -1.70514443408
F216, -0.658823998522
F217, -0.31327833839
F218, 0.657291475835
F219, 0.636384416488
F220, -10.0053377317
Y1, -2.12425935051
Y2, -0.852465068939
Y3, 0.424247073611
Y4, -0.340141563139
Y5, 0.151905650316
Y6, -0.521952173699
Y7, -0.746443119364
Y8, -0.479404871168
Y9, -0.478251752881
Y10, -0.498359326329
Y11, 0.465554847214
Y12, -0.10698827741
Y13, -0.128658856587
Y14, 0.109194177763
Y15, -4.0181837423
Y16, -9.2475386341
Y17, -0.102786365969
Y18, -0.106503790531
Y19, -5.54309629147
Y20, -6.9626047467
Y21, -3.44243031781
Y22, -8.35231095602
Y23, -7.03386342987
Y24, -7.79837535092
Y25, -5.13378531545
Y26, -7.95344474741
Y27, -3.2114273558
Y28, -0.447836340458
Y29, -1.67698892182
Y30, -7.10176749437
Y31, -6.11998029763
Y32, -7.03386342987
Y33, -0.438395764066
Y34, -0.493055489464
Y35, -3.33164400471
Y36, -3.54383147623
Y37, 0.503417328921
Y38, -0.0909661537284
Y39, -2.09440887521
Y40, 0.450954847116
Y41, 0.432632157708
Y42, 0.131315681165
Y43, -7.95344474741
Y44, -6.91235525449
Y45, -1.71327178254
Y46, -8.39353361875
Y47, -0.929702919348
Y48, -3.50937660998
Y49, -2.44632914472
Y50, -0.0509445604097
Y51, -5.18238595458
Y52, 0.319380415609
Y53, -2.35013848042
Y54, -0.932882873042
Y55, 0.500415454879
Y56, -7.06821493466
Y57, -1.89512202188
Y58, -0.689117920836
Y59, -7.34532452571
Y60, -1.00622763031
Y61, -0.809690664149
Y62, -0.129033617243
Y63, -1.3663458148
Y64, -0.455063283072
Y65, -3.17684777104
Y66, 0.285230869069
Y67, -8.79325031874
Y68, -2.89612262669
Y69, -7.83873308854
Y70, -7.31703548127
Y71, -8.5596908065
Y72, -8.042528291
Y73, 0.718636438207
Y74, 0.0172395806646
Y75, -6.08508875322
Y76, -1.07784448802
Y77, -8.37992318723
Y78, -8.32415991571
Y79, -2.10501019637
Y80, -5.62764234327
Y81, 0.0380641562685
Y82, 0.428531821843
Y83, -2.21942581756
Y84, -0.0974695842604
Y85, -1.35264656061
Y86, -0.342216235568
Y87, 0.15563173107
Y88, -2.67107313851
Y89, -1.03836234612
Y90, 0.0700403387499
Y91, 0.119008449609
Y92, 0.699060118995
Y93, -3.35592834685
Y94, -1.55487997865
Y95, -2.50824298015
Y96, -9.0554287797
Y97, -5.15305974616
Y98, -3.03995529302
Y99, -8.51057303994
Y100, -0.819288670716
Y101, -4.0173810154
Y102, -5.07994826936
Y103, -1.35646327248
Y104, 0.57975125045
Y105, 0.119369922373
Y106, -5.06632782512
Y107, 0.366413292977
Y108, 0.606364115104
Y109, -0.709898183117
Y110, -2.88951425602
Y111, 0.0798631889756
Y112, -1.71884876959
Y113, -1.26271480856
Y114, -0.0845879043943
Y115, -0.559944542877
Y116, -0.162961718686
Y117, -0.45560967887
Y118, -1.11553952905
Y119, 0.408220875325
Y120, -1.47538951992
Y121, -0.0788572313543
Y122, -3.82927020483
Y123, -6.12685847533
Y124, -7.9349484038
Y125, -8.49802778662
Y126, -2.68630473494
Y127, -7.4270083233
Y128, -0.856085704535
Y129, -0.862619200982
Y130, -3.82874899996
Y131, 1.08499526668
Y132, -6.9626047467
Y133, -8.49802778662
Y134, 0.145207034509
Y135, -1.01363763427
Y136, 0.0270039568341
Y137, -0.438858314581
Y138, 0.384983969184
Y139, -0.259700277886
Y140, 0.631137311557
Y141, -0.776660488816
Y142, 0.270144762545
Y143, 1.1238688693
Y144, -0.408723253117
Y145, -8.20571845841
Y146, 0.499845338761
Y147, -0.259768797785
Y148, -1.40742429317
Y149, -0.469346199659
Y150, 0.453682875989
Y151, -5.41371150069
Y152, -8.39353361875
Y153, -8.3661831306
Y154, 0.757134574844
Y155, -7.85849634336
Y156, -7.34532452571
Y157, -0.380009009998
Y158, -0.276091363449
Y159, -0.952957608269
Y160, -3.5825884127
Y161, -0.0595220585287
Y162, -3.34790747964
Y163, 0.474987923845
Y164, -0.545692692981
Y165, -0.282967301444
Y166, 0.636767538796
Y167, 0.702424075677
Y168, -0.328569971346
Y169, -0.361073387233
Y170, -0.00363536147622
Y171, 0.343108614012
Y172, -0.408317940977
Y173, -0.129870429051
Y174, 0.31701485709
Y175, -1.61243109304
Y176, -2.72359425391
Y177, -0.58317390177
Y178, -1.67453408161
Y179, -1.24112715279
Y180, 0.518560159907
Y181, -6.63610392202
Y182, -2.36128006226
Y183, -7.97170695381
Y184, -8.59546193752
Y185, -1.89626422294
Y186, -8.65317743538
Y187, -8.02514621277
Y188, -7.10176749437
Y189, -4.76502340235
Y190, -0.681454973022
Y191, -1.15223256135
Y192, -7.5776872358
Y193, -1.03533723118
Y194, -0.181502220989
Y195, -2.59835935726
Y196, -1.95815066447
Y197, -0.0206194765243
Y198, 0.622663170336
Y199, 0.221336231472
Y200, -2.79747753831
Y201, -0.259158512863
Y202, -4.15805662522
Y203, -1.36028955502
Y204, -0.364232988256
Y205, -1.34274335833
Y206, -8.51057303994
Y207, -0.603060727
Y208, 0.0236203153509
Y209, -0.2066064519
Y210, -7.22867960685
Y211, -1.9505901229
Y212, -1.22807641615
Y213, -1.11117900409
Y214, 0.338606641865
Y215, -1.78154315678
Y216, 0.250915470725
Y217, -1.30574820734
Y218, 0.627344333247
Y219, -0.617861450744
Y220, -5.3026801883
L1, -1.83639321411
L2, 0.411642258744
L3, 0.0894802262375
L4, -0.0602300334694
L5, 0.104484626418
L6, -0.239303755997
L7, 0.162212925212
L8, -0.158215946414
L9, -0.183894750627
L10, 0.152928429786
L11, 0.0846285447065
L12, -0.335914041674
L13, -1.34903384744
L14, 0.123126103227
L15, 0.482048341798
L16, -0.234652859845
L17, 0.129671896284
L18, 0.373539293079
L19, -3.28561701736
L20, -5.67106759428
L21, -7.69224700006
L22, -10.5152495271
L23, -4.05274317015
L24, -9.43031346802
L25, -9.63323858833
L26, -9.85604069163
L27, -3.05840086244
L28, -3.01354202853
L29, -10.7235667633
L30, -1.68258346574
L31, -0.16024907252
L32, -3.01262014707
L33, 0.11019973392
L34, 0.442220868046
L35, -10.561199113
L36, -9.55060770174
L37, -0.436052308145
L38, 0.299786662871
L39, -3.11216277837
L40, 0.423519475063
L41, -4.8899288512
L42, 0.448110878732
L43, -1.23603806685
L44, -4.6049515917
L45, 0.180926123657
L46, -3.41014488567
L47, -3.95552611712
L48, 0.521847616547
L49, -0.336277422731
L50, -3.07706190009
L51, -4.1107415635
L52, 0.183732618613
L53, 0.136118905706
L54, -3.98240941127
L55, 0.255633900516
L56, 0.045287856772
L57, -3.34048222101
L58, 0.241462030325
L59, -3.40486537173
L60, -0.762964440038
L61, -0.330279404462
L62, -0.129554170669
L63, 0.253543415269
L64, -0.134722770574
L65, -0.455102268317
L66, -0.161441066673
L67, -3.98452949048
L68, -0.610512889459
L69, -4.55832351187
L70, -10.8123760302
L71, -10.1446533072
L72, -10.1999206139
L73, 0.330761313659
L74, -0.101475011826
L75, -5.0375630148
L76, 0.424102589833
L77, 0.255686545663
L78, -4.29246034598
L79, -2.38783610216
L80, -2.29650042833
L81, -2.39170421335
L82, 0.283767193132
L83, 0.24786672523
L84, -0.0548760874328
L85, 0.102916919659
L86, -0.259772364446
L87, -0.614010560142
L88, -2.71694954876
L89, -0.188869818396
L90, 0.321659657314
L91, 0.507337149881
L92, 0.450455845829
L93, -4.6558351948
L94, -0.777930117667
L95, 0.135068363012
L96, -3.88185238859
L97, -2.16117267142
L98, -0.0498085352357
L99, -6.61855000154
L100, 0.485533777731
L101, -1.47244768065
L102, -10.1243904033
L103, 0.0555745877156
L104, 0.389771464601
L105, 0.351081155616
L106, -0.140759406715
L107, 0.0512825509136
L108, 0.639712153272
L109, -9.46295501971
L110, 0.0432711357967
L111, 0.325920007631
L112, -0.744147486445
L113, 0.79492467583
L114, 0.481882138004
L115, -0.542940755759
L116, 0.318259064086
L117, -0.00771720607666
L118, -0.53715120406
L119, 0.494132833254
L120, -0.369317381327
L121, -0.347749728646
L122, 0.640081516124
L123, -0.265002004009
L124, -2.76788728381
L125, -10.0955355407
L126, -0.313169221186
L127, -9.94653637807
L128, -0.633714821586
L129, -0.127502405382
L130, -0.769059560731
L131, -0.109448013122
L132, -9.87071229307
L133, 0.521205533709
L134, -1.03759590293
L135, -0.262475944254
L136, 0.214386129335
L137, 0.278089767539
L138, 0.318934712464
L139, 0.226480250029
L140, 0.568298574726
L141, 0.592214933387
L142, 0.582154123214
L143, 0.501672023998
L144, -0.441871199952
L145, -0.712904357345
L146, 0.161163761681
L147, 0.599497572235
L148, 0.127003408151
L149, -0.994264023127
L150, -3.11861294101
L151, -0.32006397213
L152, -4.80030981444
L153, -10.4253529071
L154, 0.496222524547
L155, -6.02542823702
L156, -10.3294802476
L157, -2.54864108077
L158, 0.354385355433
L159, -9.6042678349
L160, -10.3884447421
L161, -0.0226361744461
L162, -0.203080346374
L163, -8.03560057041
L164, 0.25130070086
L165, 0.205206927306
L166, 0.281251101007
L167, -3.09477655011
L168, 0.163131345732
L169, 0.429021517789
L170, 0.3937811817
L171, 0.288481039584
L172, -0.646269647733
L173, -1.52573871645
L174, 0.0297993524649
L175, 0.0921260733476
L176, -0.509567977236
L177, -0.122663654972
L178, 0.458956613776
L179, -3.49623615444
L180, -2.17771094581
L181, -0.114489691847
L182, -0.788977234441
L183, -9.93261959774
L184, 0.35570477523
L185, 0.072382848834
L186, -10.0097631801
L187, -8.83374968102
L188, -1.99762591197
L189, -1.10777625552
L190, -1.12912193043
L191, -0.487582068608
L192, -3.19422645013
L193, 0.359114416378
L194, -0.0953108103171
L195, -0.0435150368445
L196, -1.21372198179
L197, 0.0607224808386
L198, -0.553234598076
L199, -10.2716924958
L200, -1.18602217344
L201, -0.343854804855
L202, -3.05724313849
L203, 0.0687326815931
L204, -0.805624527143
L205, -0.373708335402
L206, -5.289798897
L207, -0.440247460993
L208, -0.150328522325
L209, 0.203890203111
L210, -2.55167853444
L211, -0.271120175395
L212, -1.1850098693
L213, -0.195811678359
L214, -0.625363596318
L215, -0.788199975617
L216, 0.172998359932
L217, -0.0804510726216
L218, 0.274663693461
L219, -0.0282103855285
L220, -10.3644563859
I1, -1.69210261765
I2, -0.0886416559491
I3, 0.60397754555
I4, -0.146726139496
I5, -0.12704153566
I6, 0.35216701994
I7, -0.468688101526
I8, 0.116282519057
I9, -0.218378885602
I10, -0.160927350788
I11, 0.021716162181
I12, 0.360966367238
I13, -1.15972223446
I14, 0.0969030052888
I15, -3.71981462841
I16, -1.30497866736
I17, 0.70288399835
I18, 1.07088864064
I19, -3.25737013588
I20, -4.04359987229
I21, -7.03386342987
I22, -8.71951993021
I23, 0.445302593909
I24, -8.07667651341
I25, -9.0554287797
I26, -8.23625282656
I27, 0.178639339105
I28, -4.84796691551
I29, -1.2502998062
I30, -8.53534094509
I31, -0.163539725403
I32, -9.07245192755
I33, 0.520849651612
I34, 0.120461788026
I35, -5.13995068826
I36, -3.57443181123
I37, -1.74843968531
I38, -8.78294531035
I39, -1.09334754524
I40, 0.00439277774783
I41, -4.21444505587
I42, -0.431345962098
I43, -2.77430121594
I44, -4.40853126158
I45, 0.646136271079
I46, -1.32091597337
I47, -0.371334220213
I48, 0.660522989351
I49, -0.440728128819
I50, -8.19020545904
I51, -3.90022838838
I52, -0.509997208335
I53, 0.0398610733619
I54, -9.20957078391
I55, 0.259497595232
I56, -0.902053622973
I57, -2.86045785969
I58, 0.149882394398
I59, -3.77271496505
I60, -0.876545988325
I61, 0.172133004734
I62, 0.21784506869
I63, -0.00982300206225
I64, -6.15649442145
I65, -0.793125090234
I66, -1.43812388828
I67, -9.36963043222
I68, -8.07667651341
I69, -4.2592968086
I70, -8.29544861907
I71, -8.3661831306
I72, -8.84369934143
I73, -0.223769449885
I74, 0.322981302316
I75, -9.25501375467
I76, -0.269953161225
I77, -0.902615433374
I78, -8.35231095602
I79, -2.5071418963
I80, -1.90586092018
I81, -10.1284658158
I82, -0.761823889005
I83, 0.0476219085756
I84, -0.863051496562
I85, -1.79895697933
I86, -0.563355085019
I87, -0.729066419938
I88, -0.411022892335
I89, -0.246473917048
I90, 0.0843003885226
I91, 0.307877999627
I92, 0.468745586438
I93, -4.60294750033
I94, 0.156403706625
I95, -3.43002749497
I96, -11.0174751994
I97, -3.40971305955
I98, -0.445527580141
I99, -2.26178667087
I100, -0.553342561309
I101, -0.377325529785
I102, 0.678781488567
I103, 0.643007204891
I104, -0.776845972879
I105, 0.359428840785
I106, -1.29197003275
I107, 0.0687608329469
I108, 0.747138014501
I109, -3.66738601203
I110, 0.183863996647
I111, 0.455846868598
I112, -0.411309663488
I113, 0.842142234003
I114, 0.455223628319
I115, 0.0809538675692
I116, -0.26864168793
I117, -0.398193902835
I118, -0.0727697875404
I119, -0.0562956250584
I120, 0.0885891936475
I121, 0.303752461808
I122, 0.423431118005
I123, -4.86254364555
I124, -3.69675345415
I125, -7.10176749437
I126, -0.992611177278
I127, -7.69224700006
I128, 0.280187525892
I129, -0.00158389529584
I130, -1.84248402537
I131, -0.227175536399
I132, -1.52411368966
I133, -0.665472374532
I134, 0.0560791989301
I135, 0.646009869361
I136, 0.077429856586
I137, -0.125700429321
I138, 0.124346167746
I139, -0.194047079065
I140, -0.151546933968
I141, 0.87973849091
I142, 0.157446075388
I143, 0.0972792238115
I144, -0.073069460976
I145, 0.277659550728
I146, -0.0428459081694
I147, 0.284483328932
I148, 0.802365566589
I149, -0.152619112803
I150, -4.21374287309
I151, -0.890301984933
I152, -3.57145748786
I153, -8.60719123011
I154, 0.228802771923
I155, -8.17452383681
I156, -7.2881806186
I157, -9.89961533068
I158, -3.93149087337
I159, -7.60133850386
I160, -9.02076777226
I161, -0.457990142545
I162, 0.0360060894662
I163, -8.42037523097
I164, 0.0897998008282
I165, 0.478344359938
I166, -0.223299147845
I167, -1.21676720375
I168, -0.123277628355
I169, -0.13891738139
I170, -0.0361910798352
I171, 0.0597981185063
I172, -1.36038425656
I173, -1.64493847227
I174, -0.054691736078
I175, -0.00131110415681
I176, -0.327210395515
I177, -0.910797410409
I178, 0.189986639526
I179, -0.37568489815
I180, -2.42557929914
I181, -0.839396244164
I182, -0.907905022095
I183, -8.85358085294
I184, -3.4589291815
I185, -0.774632451173
I186, -8.45972389844
I187, -4.99510738639
I188, -9.24002458045
I189, 0.181783928803
I190, 0.157022384429
I191, 0.370390077709
I192, -5.16244054417
I193, -0.658823998522
I194, -1.00004678276
I195, -1.86227862353
I196, -0.369317381327
I197, 0.450261116988
I198, -0.5554568143
I199, -3.09573599742
I200, -0.14011657057
I201, 0.289588824567
I202, -9.52610273823
I203, 0.409439028261
I204, -0.309011806617
I205, -0.483968234024
I206, -5.43863989698
I207, -0.298967665606
I208, 0.261882859673
I209, -1.51691728748
I210, -2.92251882782
I211, -0.199472993136
I212, -1.47778296489
I213, -0.27373334413
I214, -0.700046661249
I215, -0.521419762136
I216, -0.527579465244
I217, -1.05723927685
I218, 0.154239357564
I219, -0.04944584965
I220, -9.71681572128
M1, --
M2, 0.272755755929
M3, 0.0708182548379
M4, 0.0366968773464
M5, 0.151564983625
M6, -0.690018620126
M7, 0.992286427854
M8, -0.00879404112749
M9, 0.442423057247
M10, 0.565622812682
M11, 0.694265027851
M12, -0.478251752881
M13, -0.773535657399
M14, -0.63173033764
M15, 0.414384054248
M16, -6.7673484553
M17, 0.462571108992
M18, -0.71894499096
M19, -4.83213163936
M20, -6.99867400141
M21, -6.63610392202
M22, -7.45323986487
M23, -9.52610273823
M24, -4.90675151197
M25, -7.06821493466
M26, -3.82874899996
M27, 0.140086300614
M28, -7.47900296094
M29, -7.22867960685
M30, -0.701259264843
M31, -0.522940570441
M32, -3.15737174743
M33, -0.110458651465
M34, -0.0238182717833
M35, -8.32415991571
M36, -5.70321811788
M37, -0.112245847034
M38, -1.24956885184
M39, -0.135983209709
M40, -1.21595229105
M41, -2.35286459415
M42, -0.11584956539
M43, -4.90675151197
M44, -4.77350830851
M45, 5.44970045826
M46, -6.01637600314
M47, 0.123584566405
M48, 0.653328802928
M49, 0.186116349599
M50, -8.02514621277
M51, -8.09345222616
M52, 0.425360308289
M53, -0.457735682846
M54, -2.62757306454
M55, 0.54170898885
M56, 0.404586550903
M57, -3.17778894047
M58, -0.0408326974138
M59, -8.19020545904
M60, -1.2486358989
M61, -0.12883910006
M62, 0.269732634956
M63, 0.500832667466
M64, -1.49478584016
M65, 1.26717542003
M66, -1.20924808054
M67, -7.5776872358
M68, -6.72491318898
M69, -6.60524295832
M70, -7.52918871811
M71, -5.51680499365
M72, -6.63610392202
M73, -0.841598832441
M74, -0.247509585286
M75, -5.41371150069
M76, 0.694629803237
M77, -0.302935887061
M78, -6.72491318898
M79, -3.61907781973
M80, 0.0909088917177
M81, -1.99224773225
M82, 0.0495959974595
M83, 0.3017383762
M84, -0.52992626534
M85, -0.708184169658
M86, -0.615157763662
M87, -0.205734453373
M88, -0.907955320699
M89, -0.233319500193
M90, 0.378586806508
M91, --
M92, 0.119295083441
M93, -9.41036805761
M94, -0.508620899124
M95, -0.617154819221
M96, -9.13049921291
M97, -1.8167956203
M98, -0.414715797061
M99, -3.48225368344
M100, 0.647071113192
M101, -0.225313839172
M102, 1.13515189373
M103, -0.428303696303
M104, -0.35146201677
M105, 0.463461608319
M106, -8.54756724742
M107, 0.92379646428
M108, 0.315950025189
M109, -6.99867400141
M110, 0.125384841218
M111, 0.310571042746
M112, -7.9349484038
M113, 0.419990384654
M114, 0.591719463128
M115, -0.312648357388
M116, 0.358330722517
M117, 0.0771713904688
M118, 0.965792236365
M119, -1.12291365004
M120, 0.942458755885
M121, -0.777387195816
M122, 0.435914679617
M123, -0.504473150221
M124, -2.40204858316
M125, -6.44018371205
M126, -7.77776507125
M127, -6.88764268902
M128, -1.10195380483
M129, -0.0804128326312
M130, 0.0113857888173
M131, 5.40726519194
M132, -7.60133850386
M133, -0.19199719689
M134, 0.886130530035
M135, 0.880766994437
M136, 0.39214830751
M137, 0.238687151128
M138, 0.351736141499
M139, 0.138445683354
M140, 0.157936071196
M141, 0.540298643491
M142, 0.351493292463
M143, -0.471907008036
M144, 0.292266400997
M145, -2.63080962235
M146, 0.731322325215
M147, -1.22784495537
M148, -0.044236328692
M149, -2.30313450889
M150, -1.8114040546
M151, 0.150745344601
M152, -7.37306951619
M153, -6.08508875322
M154, 0.502990917426
M155, -6.58956133609
M156, -5.18238595458
M157, -8.5596908065
M158, 0.0865722699837
M159, -7.83873308854
M160, -8.40701684811
M161, -0.11133620322
M162, -1.45638411742
M163, -7.45323986487
M164, -0.392252128617
M165, 0.547248169128
M166, -2.80566538685
M167, -8.07667651341
M168, 0.0704137162172
M169, 1.01102739979
M170, 0.778486051806
M171, -0.755039313782
M172, -0.186621624107
M173, -1.7061297133
M174, -0.146418662375
M175, -0.10139744749
M176, -0.173397171352
M177, 1.10337888714
M178, -0.0674945284102
M179, -0.397778145782
M180, 0.815805451081
M181, 0.999416109415
M182, -0.607749813928
M183, -6.7673484553
M184, -8.29544861907
M185, -0.0639460289362
M186, -5.41371150069
M187, -7.4270083233
M188, -7.8186953353
M189, -0.390890793276
M190, -1.34471540809
M191, -1.12387703551
M192, -3.32667950759
M193, 0.475937409808
M194, -0.258767890782
M195, 1.16220586043
M196, --
M197, 0.484766855106
M198, -0.847680815975
M199, -5.70321811788
M200, -0.771090230773
M201, -0.658823998522
M202, -7.60133850386
M203, --
M204, 0.140510789333
M205, -0.346940438213
M206, -8.8237309252
M207, 0.513338979055
M208, -0.215489956573
M209, 1.24878957131
M210, -7.31703548127
M211, -1.22070288613
M212, -1.87791505677
M213, -1.00724989559
M214, -1.06192188449
M215, -0.0565241813682
M216, -0.780889361186
M217, 0.669501867563
M218, -0.082443885044
M219, -0.715040008089
M220, -8.95803201691
V1, -1.82493369472
V2, 0.505012917506
V3, 0.61344521562
V4, 0.176273105932
V5, 0.530877122383
V6, -0.104684421268
V7, 0.0568402668186
V8, -0.618217763676
V9, -0.0796392189431
V10, 0.293723484863
V11, -0.0696051864266
V12, -0.0869628184778
V13, -3.8802793006
V14, 0.27083781501
V15, -2.51914026189
V16, -0.291868824452
V17, -0.125540675697
V18, 0.00914302895383
V19, -4.04287380532
V20, -7.50431404947
V21, -8.51057303994
V22, -9.46939563326
V23, -0.500668678096
V24, -8.43361105812
V25, -9.74893641819
V26, -9.18630100458
V27, -2.77222539538
V28, -9.63323858833
V29, 0.389140836816
V30, -4.49230250751
V31, -0.898608022744
V32, -1.34816442667
V33, -0.038719691681
V34, 0.312902900192
V35, -10.3747859888
V36, -4.57405389504
V37, -1.54179658937
V38, -3.11533813378
V39, -2.09033854334
V40, 0.349237701457
V41, -2.0601514379
V42, -1.17965616182
V43, -0.151034950501
V44, -5.06252988634
V45, -0.384129575516
V46, -9.32060209629
V47, 0.351569526913
V48, 0.902913169124
V49, 0.16825652445
V50, -8.64181757322
V51, -2.92706422252
V52, -1.44731989333
V53, 0.388870516157
V54, -9.92795067767
V55, 0.495144126645
V56, 0.383129095455
V57, -5.54788759716
V58, 0.186910211457
V59, -3.10192541622
V60, -0.355207781912
V61, -0.230442258746
V62, 0.285988082313
V63, -2.01720959364
V64, -2.60845047601
V65, 0.0615171702389
V66, -1.93317204333
V67, -5.72200041787
V68, -4.3641875953
V69, -3.54819932327
V70, -9.08927655019
V71, -8.53534094509
V72, -2.68267074048
V73, -0.343550176752
V74, 0.441746421382
V75, -9.65600347946
V76, 0.041254657715
V77, -8.53534094509
V78, -8.15866988561
V79, -1.99031695745
V80, -3.37794159136
V81, -2.80377904837
V82, -0.329942231107
V83, 0.0812415910642
V84, -0.482526800316
V85, -0.177726765669
V86, -0.207413569495
V87, -0.344410945702
V88, 0.065388861831
V89, -0.0709569366412
V90, 0.148889246978
V91, 0.277776495601
V92, 0.140116550516
V93, -6.12740731553
V94, -0.0459988197949
V95, -0.347612710277
V96, -5.99829499312
V97, -2.65010111405
V98, 0.0462623825851
V99, 0.246917285782
V100, -0.278632997295
V101, -1.21641218059
V102, 0.37954572951
V103, 0.538492655419
V104, 0.522648433153
V105, 0.485231450387
V106, 0.0330200211111
V107, 0.194956476397
V108, 0.50193495109
V109, -1.78224996906
V110, 0.6204128814
V111, 0.182122043254
V112, -0.604619777217
V113, -0.192430363515
V114, -0.246797532582
V115, -0.350326245763
V116, -0.228134010418
V117, 0.332933128868
V118, 0.211887173201
V119, 0.536054930252
V120, 0.352918312286
V121, -0.579882259698
V122, 0.292777858962
V123, -5.22526641127
V124, -4.26699818229
V125, -8.92091884389
V126, -1.18265513921
V127, -9.37650042159
V128, 0.00907090197796
V129, 0.588049298549
V130, -0.171387846458
V131, 0.312123569048
V132, -2.80892755905
V133, -0.708709381956
V134, -0.248487979781
V135, 0.343036239209
V136, 0.519322985289
V137, 0.0504557665581
V138, -0.412262654065
V139, -0.163231712294
V140, -0.445242990779
V141, -0.666347848904
V142, -0.114155970544
V143, 0.342503838701
V144, -1.05206609113
V145, -0.378069302254
V146, -0.234567969214
V147, -0.229560626425
V148, 0.548416691792
V149, 0.248637946709
V150, -4.51645706285
V151, 0.391487232623
V152, -5.28926412976
V153, -8.20571845841
V154, 0.398812861131
V155, -9.52610273823
V156, -4.53796960365
V157, -3.48246539692
V158, -4.55015378798
V159, -4.50149503348
V160, -2.60515533373
V161, -0.166395620817
V162, -0.0116884716142
V163, -3.10042232407
V164, 0.000950791680344
V165, 0.417046320161
V166, -1.09619188149
V167, -1.2622020706
V168, 0.443023714051
V169, -0.616936361462
V170, 0.325199148928
V171, 0.161806537495
V172, -0.228309516654
V173, -2.9557542767
V174, -0.160092233658
V175, -0.025436478917
V176, -0.274869377671
V177, -0.225042776903
V178, -1.35722974616
V179, 0.405835016487
V180, -0.448606291132
V181, -0.0163877991647
V182, -0.49867215661
V183, -9.64466593553
V184, -9.59251465347
V185, 0.153050176602
V186, -8.28087581798
V187, -4.11825561716
V188, -2.71231043444
V189, 0.235835935602
V190, -0.2506077651
V191, -0.152840287993
V192, -3.02330114367
V193, 0.171110762364
V194, -0.0702724397279
V195, -1.93893191772
V196, -1.49658671423
V197, -0.54156826681
V198, -0.239364294683
V199, -0.817241400911
V200, -0.685596427352
V201, 0.359816562063
V202, -8.15866988561
V203, -3.36777521652
V204, -0.597618848325
V205, -0.675903828534
V206, -3.44477355698
V207, -0.968606663548
V208, -0.453144478251
V209, -1.98662865975
V210, -1.55386947788
V211, -0.734898031369
V212, -1.40722826542
V213, 0.260568205347
V214, -0.561816193234
V215, -1.02191826541
V216, -0.506985417882
V217, -0.0159805817208
V218, -0.000243970030681
V219, -0.170211533754
V220, -10.1725515945
C1, -1.71425344986
C2, -0.243178408596
C3, 0.00860066239071
C4, -0.0971352707381
C5, 0.603068304793
C6, 0.448162666624
C7, -0.251945022631
C8, 1.17261654206
C9, -0.359406169889
C10, 0.392273446405
C11, 0.251732313272
C12, -0.327618090047
C13, -2.19979848687
C14, 0.136532115831
C15, 0.597829281858
C16, 0.412498937677
C17, 0.000224498227124
C18, -0.130859058325
C19, -4.14659096415
C20, -8.86339514277
C21, -6.72491318898
C22, -8.64181757322
C23, 0.194147723448
C24, -10.3008756915
C25, -9.73830878235
C26, -7.06821493466
C27, -1.98313474472
C28, -8.49802778662
C29, -0.119784705846
C30, 0.395589219167
C31, -2.54122003221
C32, -7.03386342987
C33, -1.00233313723
C34, 0.0828218756314
C35, -2.87320259841
C36, -0.726928444293
C37, -1.24516114922
C38, -0.226184585712
C39, -0.540275136576
C40, 0.0650090403518
C41, -0.0943045107948
C42, -1.37384703981
C43, -0.735914525549
C44, -4.19390745419
C45, 0.384749148276
C46, -0.658823998522
C47, -0.404416158347
C48, 0.330708655656
C49, 0.31927130815
C50, -7.52918871811
C51, -7.40029098492
C52, 0.737761029329
C53, 0.141969031749
C54, -7.64750868529
C55, -0.201021223587
C56, 0.218356103669
C57, -0.452668634174
C58, 0.657165141867
C59, -7.40029098492
C60, 0.864868358858
C61, -0.362628548524
C62, 0.675722073017
C63, -1.04201716739
C64, -0.225656695138
C65, -0.373042870914
C66, 0.313962312989
C67, -2.41549812016
C68, -7.10176749437
C69, -1.06009959656
C70, -9.0976158511
C71, -8.14263977579
C72, -9.55666945453
C73, -0.250577544787
C74, -0.274010421232
C75, -8.23625282656
C76, -0.114037420256
C77, -3.59450301756
C78, -3.1884434654
C79, -3.25105449971
C80, 0.449098818906
C81, -8.95803201691
C82, -2.04082671856
C83, 0.570865859435
C84, 0.0194247544104
C85, -0.69870753472
C86, 0.21542687644
C87, 0.189745803917
C88, 0.428120622475
C89, -0.769986994734
C90, 0.400895466082
C91, 0.288319289844
C92, 0.135399651156
C93, -9.83125150717
C94, -0.129596540478
C95, 0.368197820059
C96, -9.89961533068
C97, -1.43802518725
C98, 0.482453167006
C99, -0.130231045245
C100, 0.32256032331
C101, -3.04881636835
C102, 0.487321523787
C103, -0.149899990044
C104, 0.0897597615564
C105, 0.356170739707
C106, 0.375903186515
C107, 0.771565395277
C108, 0.464862499275
C109, -0.528595626611
C110, 0.483002749961
C111, -0.17868177448
C112, -0.0538500367434
C113, 0.158003676155
C114, 0.519250073264
C115, -0.31319250661
C116, 0.305727165473
C117, -0.35297650915
C118, 0.492436147276
C119, 0.571753948551
C120, 0.0302836864655
C121, -0.355380779894
C122, 0.0311374580621
C123, 0.931744837133
C124, -0.108503743797
C125, -7.77776507125
C126, 0.171939144594
C127, -8.22106642274
C128, -0.505473221616
C129, --
C130, -0.576542774562
C131, -0.731400885652
C132, -6.2134128502
C133, 0.507155360575
C134, 0.619647840839
C135, 0.531636661683
C136, 0.0262300205035
C137, -0.587565315353
C138, -0.297439614738
C139, 0.40503911129
C140, -0.701112915346
C141, -2.1922561986
C142, 0.21488680398
C143, 0.388481716256
C144, -0.311384577394
C145, 0.343722683588
C146, 0.376605491015
C147, -0.271800875413
C148, 1.00261259255
C149, 0.625863908774
C150, 0.614048203608
C151, 0.511832778254
C152, 0.301974004833
C153, -7.95344474741
C154, 0.464693221609
C155, -1.82075620921
C156, -8.74097303988
C157, -7.22867960685
C158, 0.368348546556
C159, -8.12642954861
C160, -8.8237309252
C161, 0.26894018483
C162, 0.303249002637
C163, -8.53534094509
C164, 0.431804100285
C165, 0.33750968428
C166, -0.63605910739
C167, -1.05972096377
C168, -0.456942230308
C169, -0.288212119938
C170, 0.135739913161
C171, -0.0768968345845
C172, -0.26803404549
C173, -1.07750007486
C174, -0.0734807892515
C175, 0.00221598619216
C176, 0.110500991993
C177, -0.144091420683
C178, -1.8270243195
C179, -1.57485569695
C180, 0.322090513481
C181, 0.271666097594
C182, -8.17452383681
C183, -1.68665820672
C184, -8.67563228621
C185, -0.329020580476
C186, -2.19724391331
C187, -3.23191239896
C188, -2.91516375178
C189, 0.185037839059
C190, 0.416880084171
C191, -0.957912117052
C192, -0.44964719669
C193, -0.611381008418
C194, -1.30298656887
C195, -2.25897290306
C196, -0.98027822412
C197, -0.514678810793
C198, 0.153495277647
C199, -3.87982318456
C200, -0.4956792584
C201, -0.174083188978
C202, -2.7141802235
C203, -1.54455954686
C204, -0.897023384901
C205, -0.443053865599
C206, -1.77090492539
C207, -1.14310854927
C208, -0.419966126767
C209, -0.578341541444
C210, -0.220736930023
C211, -3.39402913482
C212, -0.938672370167
C213, -0.524201338741
C214, -1.00737497001
C215, -0.118941099289
C216, 0.551023169495
C217, -0.16056065088
C218, 0.34950234447
C219, -0.312937920728
C220, -8.57171333475
A1, -1.87959027522
A2, 0.463327381349
A3, 0.286234465083
A4, 0.356625255514
A5, 0.335977094803
A6, -0.382559282836
A7, 0.572701963649
A8, 0.169152534151
A9, 0.117649912515
A10, -0.635172730458
A11, 0.267060773328
A12, 0.464943556749
A13, -1.6842590459
A14, 0.299087242511
A15, 0.0153752824919
A16, 0.297733373037
A17, 0.257569882766
A18, 0.249885247844
A19, -8.07667651341
A20, -8.85358085294
A21, -8.85358085294
A22, -8.85358085294
A23, 0.940227432927
A24, -9.47580762178
A25, -4.05807191521
A26, -8.32415991571
A27, -2.09336965669
A28, -0.751291088404
A29, 0.13837476502
A30, 0.164001422151
A31, -7.83873308854
A32, -6.8486485574
A33, -2.67120772298
A34, 0.194693908659
A35, -0.42769188855
A36, -1.37251981337
A37, -3.38118454741
A38, 0.467839317822
A39, -1.05146697586
A40, -1.03205996531
A41, -2.70366567335
A42, -9.70594791064
A43, -0.118824256575
A44, -9.48219123857
A45, -0.775705298818
A46, -0.211702681666
A47, 0.787184107432
A48, -0.0454623721719
A49, 0.421070820992
A50, -2.3575553742
A51, --
A52, 0.448866835643
A53, -0.0394604839923
A54, -9.43031346802
A55, 0.259457666284
A56, -9.23247118602
A57, -2.26270736114
A58, 0.180920752421
A59, -0.682140789545
A60, -0.67780710189
A61, -0.0649959366802
A62, -1.07000823693
A63, -1.00420187794
A64, -0.150755097341
A65, 0.706065186577
A66, -4.08825047932
A67, -4.81319799643
A68, 0.315467163957
A69, -0.0622310607208
A70, -3.46217143178
A71, -9.10590722473
A72, -8.97623661229
A73, -0.407871216523
A74, 0.522665255397
A75, -8.98525348564
A76, 0.67726250457
A77, -9.70048315016
A78, -8.92091884389
A79, -0.693881864748
A80, 0.94450177499
A81, -7.50431404947
A82, -1.94358633281
A83, -1.15520363361
A84, 0.159708097965
A85, -0.106577072945
A86, -0.0989714664654
A87, 0.037255032405
A88, 0.188518030563
A89, -0.304728972768
A90, 0.345688973059
A91, 0.209843488347
A92, 0.356058445159
A93, -9.48219123857
A94, 0.430996148463
A95, -0.671917180082
A96, 0.00474364711795
A97, -0.229861995879
A98, -2.53195674625
A99, 0.0287697137754
A100, -0.137872010051
A101, -3.13561943123
A102, -0.240100596542
A103, -0.248306333169
A104, 0.496947762412
A105, -0.0796304638756
A106, 0.102913549149
A107, 0.436773625356
A108, 0.0786455058972
A109, -0.0714167295005
A110, 0.509288821597
A111, -0.00898102746068
A112, 0.279589535316
A113, 0.207237950785
A114, -0.570178488096
A115, -0.637147037513
A116, -0.0501637185023
A117, 0.112172231728
A118, 0.303135546602
A119, 0.538539723757
A120, 0.502543311781
A121, -0.848832264989
A122, -0.118303605419
A123, -1.54474406454
A124, -2.33742934607
A125, -9.0976158511
A126, -0.354473723576
A127, -9.15467902541
A128, -0.166524454706
A129, -0.421429413847
A130, -0.77873927373
A131, -0.621492552628
A132, -5.1649776584
A133, -0.41875801597
A134, -0.0502132119995
A135, -0.142941202791
A136, 0.494530220597
A137, 0.30741333452
A138, 0.229245630144
A139, 0.506455938931
A140, -0.545512293525
A141, -3.41068380799
A142, 0.173894602936
A143, -1.07848658319
A144, -0.43774490913
A145, -0.386002150343
A146, -0.904984585792
A147, 0.269816709012
A148, 0.324226661992
A149, 0.376242702931
A150, -0.0724601426246
A151, 0.136562360937
A152, 0.125756262572
A153, 0.228752108035
A154, 0.529526583993
A155, 0.188827020944
A156, -9.26245034351
A157, -1.47747339028
A158, 0.395210469273
A159, -8.58363650213
A160, -9.27720950078
A161, 0.0128597710565
A162, 0.245547892762
A163, -3.56402624398
A164, 0.0785736372854
A165, 0.340131705347
A166, -1.2932619893
A167, -0.839396244164
A168, 0.362267904409
A169, 0.199110107903
A170, 0.21757133719
A171, 0.110961890414
A172, 0.0570991800819
A173, -3.10188853091
A174, 0.140385152585
A175, 0.232183762906
A176, -0.142662129308
A177, -0.142866945451
A178, -1.34905854234
A179, -0.219444538872
A180, 0.3709532965
A181, 0.12032016037
A182, -1.0698925956
A183, 0.308126035411
A184, -8.54756724742
A185, 0.425030052796
A186, -1.35806992674
A187, -1.90617176712
A188, -2.33059132678
A189, 0.454593162021
A190, 0.166927696454
A191, -3.97015697817
A192, -8.12642954861
A193, 0.33068362766
A194, -0.120944656025
A195, -1.68190761164
A196, -1.75355602155
A197, 0.18627368994
A198, -0.658823998522
A199, -1.16377129852
A200, 0.113947378559
A201, -0.588570001529
A202, -2.24378649924
A203, -2.23594574603
A204, -0.390511244888
A205, 0.400314477252
A206, -0.237176503987
A207, 0.412036046944
A208, 0.101234148191
A209, -0.132373571976
A210, 0.193701444012
A211, -9.43031346802
A212, -0.813777621672
A213, -0.107035913196
A214, 0.11425676425
A215, 0.00390878964565
A216, -0.226737078184
A217, -0.168221578211
A218, 0.203376346366
A219, 0.139630035379
A220, -8.76211180693
G1, -1.96238788064
G2, 0.321627867848
G3, 0.601205238754
G4, 0.436396081019
G5, 0.581252342377
G6, 0.325514924541
G7, 0.485149589456
G8, 0.795139853161
G9, 0.0705208712043
G10, 0.267018969428
G11, 0.475141201535
G12, -0.0110867396271
G13, -0.640925912902
G14, 0.178773532954
G15, 0.46598635581
G16, 0.544825098381
G17, 0.292636882929
G18, 0.500371426478
G19, 0.419515759202
G20, -4.0641270629
G21, -0.0689902662486
G22, -0.426309651256
G23, 0.293685516996
G24, 0.0056082941084
G25, -4.1736197923
G26, -8.99421435322
G27, -0.701624418152
G28, -3.10312476948
G29, 0.0613932699434
G30, 0.338756714308
G31, -6.9130652859
G32, -9.53840724814
G33, -1.75303259919
G34, -3.68620538605
G35, 0.319962574131
G36, -0.228854913441
G37, -4.21975629181
G38, 0.229135705097
G39, -4.24742507631
G40, -1.61790081433
G41, -2.32926343191
G42, -2.97005881376
G43, -0.244222537557
G44, -4.73195294103
G45, -4.07522703983
G46, 0.122856001523
G47, 0.419938893876
G48, -1.86492036191
G49, -6.68414815488
G50, -9.87556985672
G51, -2.05188170783
G52, 0.217066979993
G53, 0.0176291645957
G54, -3.09335110821
G55, -1.23872736475
G56, -9.56270584426
G57, -0.377219486597
G58, 0.291730799921
G59, 0.122923310502
G60, -0.0850412969313
G61, -1.93381948138
G62, -1.24244881251
G63, -2.84739352165
G64, -0.685985673862
G65, 0.383064067832
G66, 0.333732033571
G67, -3.97336176237
G68, -7.1047793849
G69, -4.5559003043
G70, -0.211953696471
G71, -3.5882707187
G72, -6.57956860321
G73, -1.05077162276
G74, -0.210796263643
G75, 0.256172654243
G76, 0.236711235587
G77, -2.15796420934
G78, -8.67563228621
G79, -3.84079662773
G80, -0.626295013468
G81, -5.50642010079
G82, -3.96757670466
G83, -1.61036345223
G84, 0.152181949146
G85, -1.50523093931
G86, 0.225245305262
G87, -0.292089543045
G88, -0.0490303214566
G89, -0.695769369872
G90, 0.182043973293
G91, -1.07690032734
G92, -0.672629342494
G93, -7.57347293375
G94, -0.409287185389
G95, -0.98948103121
G96, 0.0619769566114
G97, -3.28369191046
G98, -2.48973957374
G99, -2.22512915339
G100, -1.69192915124
G101, -4.17704021362
G102, -0.160704757749
G103, -0.10000190921
G104, -1.43214897923
G105, 0.162590515362
G106, -2.00656930399
G107, 0.580110528142
G108, 0.344016885312
G109, -2.01967650496
G110, 0.337292182164
G111, 0.311104620115
G112, 0.290995677156
G113, 0.448139385647
G114, 0.413250562195
G115, 0.223172417935
G116, 0.354107325348
G117, 0.210840984673
G118, 0.201316608386
G119, -0.0017365197708
G120, 0.232119329248
G121, 0.25017262104
G122, 0.311237319937
G123, 0.497692060614
G124, -0.378667447247
G125, -8.75158113944
G126, 0.367416165705
G127, -10.0787841764
G128, -1.31294373876
G129, -0.535511931961
G130, -1.31104913579
G131, -3.07658187823
G132, -9.81110884083
G133, -9.20185581878
G134, 0.270144762545
G135, -0.175090972593
G136, 0.27919876956
G137, 0.36357292554
G138, -0.266114586039
G139, 0.101229253483
G140, -0.716403977975
G141, -1.46128356034
G142, 0.0899160430709
G143, 0.0975721255927
G144, -0.867298291526
G145, -0.245449548466
G146, -0.921627406831
G147, 0.32701346534
G148, 0.0341461934765
G149, -0.042888150797
G150, -0.788332079045
G151, -1.33931510528
G152, -10.4516142928
G153, 0.376724309047
G154, 0.176699142612
G155, 0.166748397409
G156, -11.3479484034
G157, 0.240710161118
G158, 0.446300737024
G159, -6.38472669745
G160, -10.286357883
G161, 0.246905390561
G162, 0.119551382047
G163, -3.36085276302
G164, 0.0865344042206
G165, 0.238973303402
G166, -0.39532121779
G167, 0.100641114995
G168, 0.381367789649
G169, 0.137603047496
G170, 0.224356589461
G171, 0.0246530453719
G172, -0.0200638985846
G173, 0.0892454791294
G174, 0.117263047519
G175, -0.0155616012704
G176, -2.8055115322
G177, -0.182436936506
G178, -10.4548636074
G179, -2.22856002502
G180, -0.332323173845
G181, -5.00133297083
G182, -4.86423808468
G183, -1.24597273249
G184, -5.49513029428
G185, -3.48752621572
G186, -10.6403912804
G187, -4.95484580017
G188, -2.78465641578
G189, -2.10238422452
G190, -0.687099181682
G191, -5.40546750659
G192, -3.67807008747
G193, -1.00925457917
G194, -0.585647832386
G195, -4.72811663686
G196, -6.02207085938
G197, -0.923204650576
G198, -1.09004994864
G199, -2.17780683869
G200, -0.944496208036
G201, -0.781103960398
G202, -2.65976539826
G203, -2.92806355388
G204, -1.49154606635
G205, -1.07933018694
G206, -1.49462982393
G207, 0.0543973552523
G208, -0.270230893986
G209, -11.2652292112
G210, -1.84295690252
G211, -11.0944942595
G212, -3.02357223703
G213, -0.174600169163
G214, -0.074038244514
G215, 0.018225943826
G216, 0.160068079374
G217, 0.217198946255
G218, 0.00575427004204
G219, 0.579271563617
G220, -6.24464499081
P1, -1.65119316249
P2, 0.33571792983
P3, 0.262551649022
P4, 0.0747135122301
P5, 0.475048904698
P6, 0.408801166682
P7, 0.0670261195904
P8, 0.271276714565
P9, -0.328807083658
P10, 0.251952623526
P11, 0.0149133163263
P12, 0.110823790464
P13, 0.598773050119
P14, -0.0314453681846
P15, -2.56711394889
P16, 0.486459497116
P17, -2.56040470576
P18, -2.9298212298
P19, -4.13198477746
P20, -10.7208701362
P21, -3.19329672879
P22, -9.44998688708
P23, -3.34538907149
P24, -9.32770898279
P25, -3.58301439485
P26, -7.75685608148
P27, -8.78294531035
P28, -3.95008263938
P29, -4.75434660957
P30, -4.66411829819
P31, -8.35231095602
P32, -3.53703979449
P33, -1.61631927001
P34, -5.374021476
P35, -8.70867254797
P36, -4.59757350795
P37, -4.48603633893
P38, -1.53116142945
P39, -3.9911259083
P40, 0.00629131062411
P41, -10.3330162667
P42, -10.435257031
P43, -8.81364210757
P44, -2.28554614524
P45, -9.46295501971
P46, -3.19455097363
P47, -9.91385256834
P48, -4.87186110792
P49, -9.20185581878
P50, -4.20419834609
P51, -0.0368241184767
P52, -3.26794002191
P53, -0.388440817619
P54, -2.97086532791
P55, -1.47146468542
P56, -9.41704721325
P57, -3.22766683388
P58, -4.16634990536
P59, -3.37762156411
P60, 0.0261636855349
P61, -2.0017363264
P62, -1.44841497003
P63, -2.64879018286
P64, 0.36524489381
P65, -3.22587056344
P66, -3.44194304307
P67, -4.25651998915
P68, -5.0937174085
P69, -9.11415121883
P70, -5.15145883155
P71, -4.0195713423
P72, -8.64181757322
P73, -0.781838607676
P74, -3.46052613493
P75, -3.90602817525
P76, -3.22443246974
P77, -10.148671959
P78, -3.27814670805
P79, -2.813814949
P80, -3.52737595633
P81, -4.16298274555
P82, -11.1069403039
P83, -1.07608255774
P84, -0.665419689868
P85, -4.00138342618
P86, -0.0283585317308
P87, -2.43607855767
P88, -2.44636233149
P89, -2.07115841481
P90, -1.47491280285
P91, -3.33922437047
P92, -2.44500722509
P93, -2.78235125722
P94, -4.12474451134
P95, -0.232210239363
P96, -3.52157543857
P97, -5.32843258928
P98, -2.81541318442
P99, -2.46915350341
P100, -3.55298374812
P101, -4.1697859178
P102, -5.25926358618
P103, -2.46654809457
P104, -0.330724223817
P105, 0.0210784213349
P106, -3.30101686516
P107, -3.61017140353
P108, -0.244855751485
P109, -1.95006248803
P110, -2.38748965947
P111, 0.213442554798
P112, -0.82548994927
P113, 0.527365329475
P114, 0.249303806317
P115, 0.255953422032
P116, 0.192828568909
P117, 0.364861168647
P118, 0.604717594886
P119, 0.246180209731
P120, 0.289862027734
P121, 0.0962872094157
P122, -2.32878170958
P123, -2.7482590821
P124, -2.96850264422
P125, -4.26520548288
P126, -7.22867960685
P127, -8.51057303994
P128, -8.3661831306
P129, -0.557817770977
P130, -1.34562366795
P131, -1.54289015978
P132, -5.38471162896
P133, -3.39097257639
P134, -1.09007919323
P135, 0.532061363834
P136, 0.15658888231
P137, -0.779729576088
P138, -0.484301285342
P139, -1.02930469425
P140, -0.530799768012
P141, -1.80881396191
P142, -1.25202578515
P143, -0.143513691193
P144, -1.48790779468
P145, -0.554193516076
P146, 0.555308225258
P147, 0.475050862554
P148, 0.50660652631
P149, -3.33543343649
P150, -0.506967379014
P151, -5.11395913864
P152, -9.6503458446
P153, -9.39014302955
P154, -4.62551699811
P155, -3.67101242676
P156, -10.4805979805
P157, -2.95908417611
P158, -4.98485149348
P159, -9.7958151106
P160, -5.37764224598
P161, -1.9592917309
P162, 0.171816968899
P163, -10.4932950485
P164, -6.04819413725
P165, -0.223273530845
P166, -0.351309537608
P167, -2.18178615619
P168, 0.228696136986
P169, 0.344005187474
P170, -2.84398403403
P171, 0.298532461402
P172, -1.48637812445
P173, -0.676458382061
P174, 0.00111332150245
P175, -1.54307143135
P176, -9.96488568795
P177, -9.59840321284
P178, -4.50968055922
P179, -5.78810701547
P180, -10.1325297481
P181, 0.307492875221
P182, 0.0482124162556
P183, -8.5596908065
P184, -8.042528291
P185, -3.6890242363
P186, 0.193950048294
P187, -0.171361383092
P188, -9.74363238633
P189, -9.28453284159
P190, 0.210980587584
P191, -8.47260518974
P192, -3.37668076974
P193, -2.17451031431
P194, -0.278334725828
P195, -10.5732091307
P196, -5.77275905113
P197, -3.21383327714
P198, -10.1120946325
P199, -9.98749892585
P200, -4.64588494281
P201, -5.12345077956
P202, -4.71923551522
P203, -11.1192798948
P204, -2.72921332641
P205, -3.87019371826
P206, -9.90437670478
P207, -2.83772659608
P208, -9.06396546166
P209, -10.8498832131
P210, -0.232668019369
P211, -10.2153300532
P212, -0.159772457951
P213, 0.123368390677
P214, -0.276714691611
P215, -0.108271528587
P216, -0.136977396767
P217, 0.44743403311
P218, 0.558748108449
P219, 0.293303882552
P220, -9.20957078391
S1, -1.77086049158
S2, 0.443881854017
S3, 0.2691137064
S4, 0.180686984726
S5, 0.116824635386
S6, 0.0643407240207
S7, 0.105372509624
S8, -0.0232573500212
S9, 0.14269204519
S10, -0.00763039316178
S11, 0.607708523254
S12, -0.0268210683033
S13, -0.521525097855
S14, -0.260442943467
S15, 0.321176314711
S16, 0.505497109632
S17, 0.154119865818
S18, -0.195192391356
S19, -5.06375416843
S20, -6.3623431096
S21, -1.47595994137
S22, -2.53985642621
S23, 0.271262418039
S24, -9.96943678018
S25, -5.42143472599
S26, -0.493701711175
S27, 0.244622309302
S28, -1.82819507596
S29, 0.213798517774
S30, 0.250975005367
S31, -2.50912102086
S32, -9.22487803669
S33, -1.19588805847
S34, 0.845082693033
S35, -1.99301227654
S36, -1.65628478688
S37, -3.6880533114
S38, -0.418031508216
S39, -0.575079328653
S40, 0.261848277725
S41, -1.47144214887
S42, -8.89244367528
S43, 0.560244659502
S44, 0.477726044104
S45, -2.49236285238
S46, -0.681938432196
S47, 0.443499211013
S48, 0.288536391449
S49, 0.60303849016
S50, -0.482126991314
S51, -1.8054338332
S52, 0.327279593869
S53, -0.0545273161748
S54, -2.52470242464
S55, 0.547753714854
S56, 0.240997730686
S57, 0.144685443584
S58, 0.801715539054
S59, -0.663846440639
S60, -0.458862623325
S61, -6.40753292576
S62, -0.000566938605059
S63, -2.13810872644
S64, -1.27120919471
S65, 0.549670995097
S66, 0.4084246805
S67, -5.91675365781
S68, 0.775908188909
S69, -5.1238655855
S70, -10.279043824
S71, -10.4253529071
S72, -5.34872755582
S73, -0.0886853306669
S74, 0.289094089003
S75, -5.06876234314
S76, 0.744891011387
S77, -9.72760227651
S78, -2.56844266625
S79, -0.482447421654
S80, 0.0024869898194
S81, -10.3644563859
S82, -1.17530322929
S83, -1.5700855412
S84, -0.0244064883928
S85, 0.235358870994
S86, -0.136848834812
S87, 0.233747388026
S88, 0.16252974659
S89, 0.208800418426
S90, 0.246946796884
S91, 0.0357037495993
S92, 0.33584332526
S93, -6.5568286309
S94, 0.42576499287
S95, -0.686871052927
S96, -0.248627023977
S97, -0.205264656666
S98, 0.142035212242
S99, 0.23062476781
S100, 0.161349307164
S101, -3.85536774477
S102, -0.470671901604
S103, -0.737805363018
S104, -1.16787662944
S105, 0.463612077139
S106, 0.126097833978
S107, 0.62980454501
S108, 0.428660811086
S109, -0.188496462269
S110, 0.191483502303
S111, 0.433748809422
S112, 0.311649252981
S113, 0.121715417695
S114, 0.443139752563
S115, -0.154653532296
S116, 0.157916034599
S117, 0.0653216251717
S118, 0.182770137934
S119, 0.324154021391
S120, 0.327083432389
S121, -0.303592159989
S122, -0.792638145654
S123, 0.281902558836
S124, -1.25878866258
S125, -2.25360078907
S126, -2.08959442407
S127, -9.63896357616
S128, -2.93162332163
S129, 0.142658937345
S130, -0.850867159326
S131, -0.353206817596
S132, -2.21617426804
S133, -3.75303016826
S134, 0.173234803914
S135, -0.158201737826
S136, -0.386827549091
S137, -0.16401680644
S138, -0.730479403758
S139, -0.12646166727
S140, -0.267238067347
S141, -2.13704334172
S142, -0.293242028606
S143, -0.254757617065
S144, -0.44358793177
S145, 0.101591902045
S146, 0.269056787448
S147, 0.494395312889
S148, 0.109088163991
S149, 0.229789493781
S150, 0.402377820102
S151, 0.327446268115
S152, 0.377911905169
S153, -3.29823428327
S154, 0.39465641138
S155, 0.0958653448548
S156, -9.93727345674
S157, -3.51840887935
S158, 0.163532524717
S159, -9.78035751586
S160, -10.279043824
S161, 0.297980223623
S162, 0.157577294787
S163, -4.10760275727
S164, -0.0176380355854
S165, -0.070640476055
S166, -0.874440009839
S167, -0.392720390404
S168, 0.585711756606
S169, 0.19085350461
S170, 0.0717185776684
S171, -0.181088144916
S172, -0.539699004087
S173, -0.695907358478
S174, -0.471861066724
S175, 0.30277987408
S176, -10.0660917628
S177, -0.0637950786227
S178, -6.3490058113
S179, -0.0308911442749
S180, 0.213545926516
S181, 0.514450656249
S182, -4.54682470016
S183, -0.6744631223
S184, -9.43031346802
S185, -3.0917834058
S186, -2.98075209341
S187, -3.18175222075
S188, -1.79974117673
S189, -0.453229828349
S190, 0.365579525061
S191, -3.01479957424
S192, -1.46852794966
S193, -0.446790289035
S194, -0.397894181014
S195, -1.05976203767
S196, -3.19782920888
S197, 0.189580218888
S198, -0.344341385158
S199, -0.820943310189
S200, -0.383725937867
S201, -0.197471652061
S202, -1.69438734298
S203, -1.79101861089
S204, -0.347155519949
S205, -0.334574916464
S206, -3.36984000225
S207, 0.325412312655
S208, 0.0166576189869
S209, -3.16828268875
S210, -0.952269717252
S211, -10.5152495271
S212, 0.0385813497507
S213, -0.309692014057
S214, 0.0104031864932
S215, 0.352814135751
S216, 0.268870597634
S217, -0.100197716282
S218, 0.66925301384
S219, -0.134815840453
S220, -6.24978523987
T1, -1.78366812541
T2, 0.251641093609
T3, -0.157983616182
T4, 0.554155090419
T5, 0.152439977696
T6, 0.362556691438
T7, 0.0341488347689
T8, -0.330516190842
T9, -0.328518658817
T10, -0.280480446454
T11, 0.459268505411
T12, 0.456136956576
T13, -0.829150697041
T14, 0.232199154617
T15, 0.514077186964
T16, 0.365402117157
T17, 0.529320623319
T18, 0.228476655675
T19, -4.13316732656
T20, -8.93028702643
T21, -8.97623661229
T22, -8.33830409803
T23, 0.966798962771
T24, -8.99421435322
T25, -5.02054478428
T26, 0.320862829252
T27, -0.0223574803075
T28, -2.82575895736
T29, -0.0123193527993
T30, 0.43402775875
T31, -0.476066764152
T32, -8.09345222616
T33, 0.0351392793601
T34, -0.581214966693
T35, -8.71951993021
T36, -8.96716302866
T37, -3.87522169958
T38, -2.14665550016
T39, -2.00330821798
T40, 0.434398963667
T41, -1.54359092086
T42, -4.37976416876
T43, 0.572393446593
T44, -0.279395505177
T45, -1.78473289582
T46, -9.55060770174
T47, -0.982592098266
T48, 0.775562715636
T49, -0.465700652702
T50, -2.48604273988
T51, -1.01525494081
T52, 0.0294700047387
T53, 0.354591091443
T54, -8.35231095602
T55, 0.384829321797
T56, 0.403180723093
T57, 0.476027511538
T58, 0.226271810448
T59, -9.36963043222
T60, 0.0291883175
T61, -0.777922196489
T62, -0.12403429339
T63, 0.201218400635
T64, -2.85344352722
T65, 0.322943712906
T66, -0.336420629363
T67, -9.70594791064
T68, -0.130567241852
T69, -9.06396546166
T70, -9.55060770174
T71, -9.50117434194
T72, -3.86927680655
T73, 0.722984272932
T74, 0.364142952099
T75, -1.6993621584
T76, 0.589723708106
T77, -8.85358085294
T78, -2.34609634469
T79, -0.966978837958
T80, -1.51447737891
T81, -6.85721565527
T82, 0.221331765255
T83, 0.458753839491
T84, -0.0350836357378
T85, 0.163861059075
T86, -0.281216688716
T87, -0.0272404738068
T88, 0.28427984808
T89, -0.300030609883
T90, 0.316081394762
T91, 0.220245516293
T92, 0.504697127338
T93, -10.6289298891
T94, 0.273916417352
T95, 0.115581566202
T96, -1.20814444229
T97, -3.70026173189
T98, 0.37663926369
T99, 0.0246908244092
T100, -0.731380520971
T101, -3.61489643975
T102, -0.0914187015177
T103, -0.085780187782
T104, -1.83639470247
T105, 0.143783555603
T106, 0.157600889314
T107, 0.401490575636
T108, 0.234109955096
T109, -0.395051452462
T110, 0.398796113843
T111, 0.227148018234
T112, -0.0716324133083
T113, 0.245127034059
T114, -1.25869470654
T115, 0.234757807312
T116, 0.314847420466
T117, 0.358636119436
T118, 0.292543137206
T119, 0.511870235165
T120, -0.4347765063
T121, 0.641960663569
T122, -0.319661653265
T123, -2.99637005422
T124, -2.24378649924
T125, -9.71681572128
T126, -2.79433896918
T127, -8.29544861907
T128, -0.284830684759
T129, 0.311625518975
T130, -0.259866238911
T131, 0.0569519298288
T132, -6.32747264975
T133, 0.409687987232
T134, -0.196080862476
T135, 0.264367928476
T136, 0.655863886198
T137, 0.36405046773
T138, -0.38738435436
T139, -0.179288736624
T140, -0.935637294205
T141, -1.42166822451
T142, -0.518555408776
T143, -0.549112626794
T144, 0.0531138016339
T145, 0.207175430298
T146, 0.087800576002
T147, 0.0732129108667
T148, 0.627124799259
T149, 0.238542825132
T150, -0.169106379919
T151, -0.400390618448
T152, -1.34085979552
T153, -9.16264973652
T154, -0.822616951368
T155, -8.47260518974
T156, -8.69774298781
T157, -9.27720950078
T158, -9.9603201935
T159, -9.08927655019
T160, -9.26984879583
T161, 0.102195881112
T162, 0.123822286748
T163, -5.46808598634
T164, -0.516781670393
T165, 0.525215945106
T166, -1.10500710095
T167, -0.873501893607
T168, -0.295884186937
T169, -0.0848554169189
T170, -0.0174498364918
T171, 0.29162197081
T172, -0.197709500378
T173, -1.57019269925
T174, -0.716959476128
T175, -0.307254697137
T176, -0.34809147689
T177, -0.0112443941982
T178, -10.0008986665
T179, 0.464940611385
T180, -2.19137864685
T181, 0.437430957206
T182, -2.21372926539
T183, -7.69224700006
T184, -8.42037523097
T185, -3.07986023842
T186, -9.06396546166
T187, -2.98803844749
T188, -0.958544428579
T189, 0.196457422579
T190, 0.41114851838
T191, -1.14041726708
T192, -9.0554287797
T193, -0.19563820643
T194, -0.360762007505
T195, -2.73629168381
T196, -1.73359176692
T197, -0.0463729461086
T198, -0.721951977088
T199, -1.39299907917
T200, -0.487136738875
T201, -0.152611520203
T202, -3.92074478405
T203, -1.16995061842
T204, -0.877450098578
T205, -0.151546933968
T206, -9.3418185822
T207, 0.0976085407333
T208, -0.32672765776
T209, -0.505171823769
T210, -4.17438049188
T211, -4.35637832562
T212, -0.670043977621
T213, -0.540894839172
T214, -0.148981930087
T215, -0.53628279456
T216, 0.262206084946
T217, -0.113898423674
T218, -0.0532712347005
T219, 0.34375490014
T220, -10.6086507093
N1, -1.69494744405
N2, 0.171931948964
N3, 0.546690312743
N4, -0.0722752469093
N5, 0.780720391455
N6, -1.35581311698
N7, -0.364376640057
N8, -0.0582573080881
N9, -0.318072029343
N10, -0.484360789372
N11, 0.784754626124
N12, 0.118999407061
N13, -1.59452550503
N14, -0.276196415444
N15, -0.26520805464
N16, 0.0852814557637
N17, 0.369745153674
N18, 0.0679995852232
N19, -4.09833970788
N20, -5.18238595458
N21, -7.10176749437
N22, -8.68672999509
N23, -0.0940847480623
N24, -7.79837535092
N25, -11.08823074
N26, -7.9349484038
N27, -0.554317038874
N28, -2.8107449316
N29, -0.0371499898459
N30, 0.0926776888017
N31, -0.0608588326036
N32, -0.454264870273
N33, -0.139964239336
N34, 0.725910544682
N35, -9.20185581878
N36, 1.31316162531
N37, -4.40943735215
N38, 0.204327641155
N39, -2.61818201403
N40, -0.86527487599
N41, -5.18238595458
N42, -0.237686299707
N43, -8.70867254797
N44, -5.04502181492
N45, -7.5776872358
N46, -8.43361105812
N47, -4.4252808894
N48, 0.703302422566
N49, -5.07212644643
N50, -9.17846025137
N51, -3.56112732464
N52, 0.277827671566
N53, 0.705757942736
N54, -0.280831859776
N55, -0.398836468247
N56, -8.74097303988
N57, -0.301011367937
N58, 0.303438964021
N59, 0.178959095171
N60, 0.691006370663
N61, -0.827555210041
N62, -0.306509264419
N63, -2.05189004575
N64, 0.0492686861997
N65, -1.16925347762
N66, 0.223020678516
N67, -7.62460828318
N68, -0.762847063066
N69, -9.43690112806
N70, -8.8237309252
N71, -7.95344474741
N72, -7.52918871811
N73, 0.168239378959
N74, 0.102306066848
N75, -1.82642394702
N76, 0.497135673143
N77, -2.70945007159
N78, -1.96897492563
N79, -1.55031970449
N80, -3.38604231678
N81, -3.554534795
N82, -1.85639524777
N83, -1.43788327903
N84, 0.872778313434
N85, -0.685753292579
N86, -0.643819834859
N87, -0.0306355553626
N88, -0.374127371333
N89, 0.178386656747
N90, 0.185453886231
N91, 0.0143716184608
N92, -1.07641329312
N93, -8.85358085294
N94, 0.623624533702
N95, -0.729316527175
N96, -10.0185735588
N97, -1.58077405987
N98, -3.97819315057
N99, -1.05755470543
N100, 0.685206234235
N101, -2.45108639544
N102, 0.459357427826
N103, 0.189469865794
N104, -1.31031111804
N105, 0.264554719875
N106, 0.320615295266
N107, 0.418695452856
N108, 0.185094203666
N109, 0.459250822611
N110, 0.332977540016
N111, 0.156017954253
N112, -0.160108003897
N113, 0.0470531165069
N114, 0.108863060698
N115, 0.164031011786
N116, 0.0300164522758
N117, -0.488039409423
N118, -0.169145741689
N119, 0.0757818403994
N120, 0.295233384132
N121, -0.191284359536
N122, 0.022428516246
N123, -0.551110181222
N124, -1.38191741811
N125, -6.58956133609
N126, -0.593030750451
N127, -7.95344474741
N128, 0.184774444135
N129, -1.43375744289
N130, -0.393825405808
N131, 1.36040056874
N132, -8.83374968102
N133, -0.320334512263
N134, 0.0850465207763
N135, 0.262469175619
N136, 0.670187192695
N137, 0.306476169308
N138, -0.496094498484
N139, 0.669884559796
N140, 0.15322261886
N141, -0.991723211231
N142, -0.305576698209
N143, 0.138987150864
N144, -0.562493919518
N145, 0.759801403727
N146, -1.32408812733
N147, -0.32324218331
N148, 0.0637831967537
N149, 0.228982918931
N150, 0.0297447710847
N151, -1.14410636478
N152, -8.66444854772
N153, -7.85849634336
N154, 0.207706834557
N155, -2.09939658991
N156, 0.17316820303
N157, -6.08508875322
N158, -0.62363457006
N159, -8.07667651341
N160, -7.9349484038
N161, 0.768768619406
N162, -1.14039471178
N163, -2.45444209465
N164, -0.644951823941
N165, 0.091389377652
N166, -1.37223486471
N167, 0.24233243398
N168, 0.0626089467489
N169, 0.768186142423
N170, -0.0336067620087
N171, -0.246648584719
N172, 0.240595942858
N173, 3.20699065408
N174, -0.454119725434
N175, 0.254900256035
N176, -9.85111681299
N177, -1.06539776075
N178, -8.98525348564
N179, -1.66999330624
N180, -0.490858970624
N181, -0.153455590091
N182, -9.45648552438
N183, -8.42037523097
N184, -8.07667651341
N185, -4.45468328174
N186, -8.09345222616
N187, -4.57484560588
N188, -2.26989933956
N189, -2.11435468182
N190, -0.204258135057
N191, -3.19487689876
N192, -1.13606529996
N193, -2.00639191457
N194, -0.276104219516
N195, -2.11698171417
N196, -7.4270083233
N197, -0.184382212046
N198, -0.453960462754
N199, -0.871215720996
N200, -1.02519815405
N201, 0.210830399651
N202, -9.04684128387
N203, -8.64181757322
N204, -1.05643834777
N205, -0.692735058587
N206, -8.88282567272
N207, 0.174085440254
N208, -0.663266480989
N209, -0.149209409828
N210, -1.60894809188
N211, -10.0229586535
N212, -1.54835632896
N213, -0.492381093219
N214, -0.402085831783
N215, -0.00271742490657
N216, -0.312360087431
N217, 0.712544938744
N218, 0.435457062515
N219, -0.09801535951
N220, -8.49802778662
Q1, -1.9350135448
Q2, -0.0584314572317
Q3, 0.24572381506
Q4, -1.59170980266
Q5, -0.239224497557
Q6, 0.861649775747
Q7, -0.508766549392
Q8, 0.216346307763
Q9, -0.132643562031
Q10, 0.859726586956
Q11, 0.559124571954
Q12, 0.192256002655
Q13, 0.387037938261
Q14, -0.50801370799
Q15, 0.323753849421
Q16, -8.26615431227
Q17, -0.685255792031
Q18, -1.99762591197
Q19, -4.09895044922
Q20, -7.62460828318
Q21, -5.78810701547
Q22, -9.23247118602
Q23, -3.42414550196
Q24, -7.55364176183
Q25, -2.61871378515
Q26, -8.22106642274
Q27, 0.227905302521
Q28, -2.74037783215
Q29, -1.79672916343
Q30, 0.311979454167
Q31, -2.49532526624
Q32, -1.84076437612
Q33, 0.173262758152
Q34, 0.205140627435
Q35, -8.09345222616
Q36, -1.54826562337
Q37, -3.54410339212
Q38, -0.614201007102
Q39, -2.57572838276
Q40, 0.33565899651
Q41, -9.07245192755
Q42, -2.65622688704
Q43, -8.80348224135
Q44, -5.10872685289
Q45, -8.94884284546
Q46, -5.78260053916
Q47, -0.368457610717
Q48, 0.851564018324
Q49, -4.21447093242
Q50, -7.47900296094
Q51, -2.26500298515
Q52, 0.392321563708
Q53, 0.00520616105653
Q54, -8.74097303988
Q55, 0.451572228082
Q56, -3.66687627082
Q57, -0.0447151521417
Q58, -0.228977813729
Q59, -8.53534094509
Q60, -1.16901873084
Q61, -0.182880482418
Q62, -0.0348983422569
Q63, -2.13015924366
Q64, -0.177353375954
Q65, 0.198830620715
Q66, -0.453669266738
Q67, -8.87314311932
Q68, -1.78154315678
Q69, -7.75685608148
Q70, -7.83873308854
Q71, 0.183512498453
Q72, -8.20571845841
Q73, -1.28524932695
Q74, -0.666632921733
Q75, -8.23625282656
Q76, 0.369163648945
Q77, -6.68119181155
Q78, -8.89244367528
Q79, 0.528054136201
Q80, -1.82691932941
Q81, -4.54812053412
Q82, -2.10758211565
Q83, -1.54940166288
Q84, 0.248635595335
Q85, -1.21673020081
Q86, 0.0752167187354
Q87, 0.343794463275
Q88, -2.54380910927
Q89, -1.40622171628
Q90, 0.271310306176
Q91, 0.428350818497
Q92, -0.735447982943
Q93, -10.2494110484
Q94, 0.126238086473
Q95, -0.279868790819
Q96, -9.19409937514
Q97, -1.07535824871
Q98, -3.78340902919
Q99, -3.84996548587
Q100, -1.19981965519
Q101, -4.47303259162
Q102, -0.246602613823
Q103, -0.171914263204
Q104, -0.175926274734
Q105, 0.0456126105896
Q106, 0.261844860996
Q107, 0.0206031862022
Q108, 0.495540684975
Q109, -0.131665949324
Q110, 0.376432384734
Q111, 0.0908069965801
Q112, 0.24072144046
Q113, 1.03311980444
Q114, 0.138803438265
Q115, 0.043790090853
Q116, 0.285288418634
Q117, -0.456970063362
Q118, 1.06197943934
Q119, -0.264804280513
Q120, 0.501482254713
Q121, 0.244449364207
Q122, 0.400062070307
Q123, -4.51879354674
Q124, 0.415221988052
Q125, -8.91148943097
Q126, -0.823883244793
Q127, -7.22867960685
Q128, 0.157808737123
Q129, -0.609636448895
Q130, -0.331098059097
Q131, 0.307492875221
Q132, -8.75158113944
Q133, -0.129012949703
Q134, 1.24728443657
Q135, -3.54834746216
Q136, -1.16276200239
Q137, 0.194409895846
Q138, -0.343758889928
Q139, 0.140674390341
Q140, -0.214145451303
Q141, -1.32295671268
Q142, -0.685875323077
Q143, -0.391284184037
Q144, 0.528858243288
Q145, -0.434952881465
Q146, -0.01334060695
Q147, -1.5670315226
Q148, 0.0339544054052
Q149, 0.149304555714
Q150, -0.216721983068
Q151, 0.536009866181
Q152, -8.28087581798
Q153, -9.17057665229
Q154, 0.159753861825
Q155, -4.30635897068
Q156, -8.95803201691
Q157, -7.98974087664
Q158, -0.0608588326036
Q159, -3.54383147623
Q160, -8.57171333475
Q161, -0.1821066494
Q162, -2.37431355559
Q163, -2.21556397144
Q164, -0.40356694328
Q165, 0.18371151523
Q166, -0.324114700659
Q167, -1.64881682517
Q168, 0.26358847439
Q169, -0.239410402446
Q170, 0.452973811035
Q171, -1.55041338629
Q172, -0.650564271528
Q173, -3.70224627881
Q174, -0.424472347393
Q175, -1.55657394027
Q176, -8.02514621277
Q177, -1.10628297549
Q178, -4.22134911012
Q179, -0.99349522394
Q180, 0.0923665192818
Q181, -2.63745034773
Q182, -1.83146338466
Q183, -8.02514621277
Q184, -7.16661863872
Q185, -1.03031121943
Q186, -7.75685608148
Q187, -6.8486485574
Q188, -3.10582922646
Q189, -3.39154011969
Q190, 0.577178854333
Q191, -3.23715340691
Q192, -1.49557724337
Q193, -0.95390087376
Q194, 1.04899524998
Q195, -1.81001636138
Q196, -1.44524943511
Q197, 0.485881012931
Q198, 0.840831189574
Q199, -2.32867539683
Q200, -0.44469919317
Q201, 0.541844526351
Q202, -1.26674764769
Q203, -0.267011523868
Q204, -0.637800747952
Q205, -0.0958553077061
Q206, -8.71951993021
Q207, 0.285324351022
Q208, -0.267988212182
Q209, 0.144085018504
Q210, 0.634534944168
Q211, -8.26615431227
Q212, -1.25094629082
Q213, 0.474807382333
Q214, -0.544415726935
Q215, -0.48137898324
Q216, 0.693285738995
Q217, 0.433982795477
Q218, 0.443968324359
Q219, -0.286395427321
Q220, -6.63610392202
H1, -1.87469501632
H2, 0.188295489705
H3, -0.20221228639
H4, -0.216146818812
H5, -0.464837086621
H6, 0.309103295705
H7, -0.242782186609
H8, 0.518784819085
H9, 0.0590958399532
H10, -0.27625089449
H11, 0.552273243801
H12, 0.216379983174
H13, -0.792502433754
H14, -0.280651792995
H15, 0.404910037653
H16, -1.20382009193
H17, 0.241328817481
H18, 0.0535139668002
H19, -9.11415121883
H20, -8.20571845841
H21, -7.98974087664
H22, -7.34532452571
H23, -9.10590722473
H24, -7.83873308854
H25, -6.11042762703
H26, -5.78810701547
H27, -4.75454262791
H28, -8.09345222616
H29, -0.119377336576
H30, -1.74390549941
H31, -1.66248102213
H32, 0.210619553085
H33, -1.37024260104
H34, 0.486770439526
H35, -2.0703211401
H36, -3.17278573034
H37, -3.20861007149
H38, 0.123032673877
H39, -7.83873308854
H40, 0.347202585023
H41, -2.2829925815
H42, -2.24378649924
H43, -7.98974087664
H44, -3.82529757478
H45, -7.9349484038
H46, -8.29544861907
H47, -1.50415787702
H48, 0.960362531172
H49, -7.64750868529
H50, -0.0454796964314
H51, -7.31703548127
H52, 0.754039129522
H53, -1.52303113226
H54, -2.52276244895
H55, -0.106776120274
H56, -7.69224700006
H57, -6.38674445309
H58, 0.364115204286
H59, -6.8486485574
H60, -0.0652336503986
H61, -3.41234076895
H62, 0.319429293984
H63, 0.182699887145
H64, -0.658823998522
H65, -2.59006361751
H66, -0.474241907864
H67, -4.91108393276
H68, -2.54613618381
H69, -8.49802778662
H70, -3.50820213548
H71, -8.3098756897
H72, -0.0487705168384
H73, 0.411519252333
H74, 0.318661803685
H75, -2.11254196597
H76, -0.0136304020262
H77, -2.69933915826
H78, 0.559688011956
H79, -1.94807740026
H80, -3.57591036124
H81, 0.493904614194
H82, -1.53621469007
H83, -1.55855654964
H84, 0.190676197326
H85, -0.601720486355
H86, -0.560420294461
H87, 0.279313760591
H88, -1.96611744623
H89, -0.288654616506
H90, -0.698997350175
H91, -0.351238724819
H92, 0.706804166728
H93, -9.98300454514
H94, -0.854531828836
H95, 0.234260797561
H96, -9.32060209629
H97, -3.45414095887
H98, -3.47526679341
H99, -9.52610273823
H100, -0.0605261517353
H101, -2.61544445146
H102, -0.885643934968
H103, 0.65497973635
H104, 0.946683869854
H105, 0.490768364334
H106, 0.20341141158
H107, 0.223049900615
H108, 0.542173159854
H109, -0.399810110964
H110, -1.63609323607
H111, 0.160402191736
H112, -0.185527101271
H113, -1.13635836461
H114, -0.437301456646
H115, -0.360838588599
H116, -0.763250604722
H117, -0.96127308547
H118, -0.0167747622303
H119, -0.00344593885247
H120, -0.02704521719
H121, 0.282759315252
H122, -3.47987549536
H123, -3.21844365113
H124, -2.94334265699
H125, -7.87799251898
H126, -7.34532452571
H127, -7.37306951619
H128, -1.67289918373
H129, 0.285715302269
H130, -0.182194119589
H131, -1.45045846246
H132, -0.509563558789
H133, -8.14263977579
H134, -0.550807615255
H135, -0.467470133021
H136, 0.498717278464
H137, -0.144657275911
H138, -0.569424913469
H139, 0.422800533372
H140, -0.570541707996
H141, -0.520495841974
H142, -0.233356190618
H143, 0.619331694336
H144, -0.1500882288
H145, -0.85903618501
H146, -1.89093975938
H147, -0.991787148434
H148, -0.288455548577
H149, 0.0851040693493
H150, -3.59800683237
H151, 0.258713841286
H152, -8.25128103579
H153, -3.94522565978
H154, 0.307359079297
H155, -7.91621184122
H156, -7.79837535092
H157, -6.9626047467
H158, -0.289390466417
H159, -7.45323986487
H160, -2.46159165108
H161, -0.43736445471
H162, -2.95607966775
H163, -0.550648448622
H164, -0.95929741982
H165, 0.69309341472
H166, -0.261064490675
H167, -0.0233397222221
H168, -1.04403393114
H169, -0.0641662134125
H170, 0.42161075832
H171, -1.21757427978
H172, -1.14835668415
H173, 0.1621637877
H174, -0.263182097532
H175, -0.150775535372
H176, -8.57171333475
H177, -0.441807104653
H178, -8.29544861907
H179, -0.955040837307
H180, -0.685055540096
H181, 0.952980114417
H182, -7.87799251898
H183, -6.8486485574
H184, -7.5776872358
H185, -0.683698667161
H186, -5.94422621738
H187, -8.71951993021
H188, -7.73563959557
H189, -0.658823998522
H190, -0.102430649998
H191, -3.51481369583
H192, -0.899832098026
H193, -0.502704796605
H194, -0.615835490972
H195, -2.33851478734
H196, -1.65285009748
H197, -1.15231059549
H198, 0.00354300588435
H199, -0.251268080613
H200, -0.514434089187
H201, -0.635172730458
H202, -8.73028636108
H203, -1.46092613911
H204, -0.866077823021
H205, -0.524380583577
H206, -9.73296546127
H207, -0.962783191323
H208, -0.163636586636
H209, 0.237254672622
H210, -1.16225661375
H211, -9.32770898279
H212, -1.6649762255
H213, 0.0121783332654
H214, -0.386911441342
H215, -0.767076889174
H216, 0.448602708694
H217, 0.179638101942
H218, 0.120594873588
H219, -0.0784238983898
H220, -5.86827736415
R1, -1.66598429059
R2, 0.251949346225
R3, 0.133682614331
R4, 0.116621202206
R5, 0.509943463248
R6, -0.188807793164
R7, 0.397782579343
R8, -0.0243080256578
R9, 0.332440424981
R10, 0.0967279921046
R11, 0.407878648237
R12, 0.44461712038
R13, -0.704231209664
R14, 0.0615446839995
R15, -2.26194464915
R16, -2.09932002491
R17, -3.4234522942
R18, -3.14443288072
R19, -3.69769859554
R20, -10.4996019221
R21, -4.14056577888
R22, -10.2605947869
R23, -10.1804244382
R24, -4.62050706697
R25, -4.27542342384
R26, -8.70867254797
R27, -2.01536972076
R28, -3.82057637901
R29, 0.125778003329
R30, 0.0914023077222
R31, 0.324888346473
R32, -9.54452037186
R33, -0.745261267646
R34, 0.494129348278
R35, -10.1526794478
R36, -5.06865007116
R37, -4.46845362811
R38, 0.311052808401
R39, -1.44100035758
R40, 0.00720831170729
R41, -10.2972599125
R42, -3.46316703005
R43, -10.3044824309
R44, -4.52860142111
R45, -3.95797683532
R46, -10.2267800739
R47, -2.70045848723
R48, 0.251213406598
R49, -3.5182819039
R50, 0.551892837515
R51, -2.16502830782
R52, -4.97041014919
R53, 0.0923431091001
R54, -4.5503666298
R55, -0.325680372563
R56, -3.47774367221
R57, -5.41371150069
R58, 0.0662046917434
R59, -1.85876156903
R60, -0.331988130871
R61, -0.769217796521
R62, -0.0227093439985
R63, -2.47769413396
R64, -0.637174146027
R65, -2.89499123526
R66, 0.639144197421
R67, -3.86308192458
R68, -9.71681572128
R69, -9.86094782235
R70, -10.211493096
R71, -3.62865361754
R72, -8.56771694704
R73, -0.533233035437
R74, 0.273769031634
R75, -4.31529246422
R76, 0.618452653409
R77, -4.61028014656
R78, 0.107316462175
R79, -3.30120478843
R80, -3.29746965793
R81, -11.6209970296
R82, -6.40588082705
R83, -4.07028735585
R84, 0.307078536354
R85, -0.841151541964
R86, 0.125187030693
R87, -2.27048127274
R88, -2.80043115432
R89, -2.25160263383
R90, -3.03207303802
R91, -3.52514141902
R92, -2.26500298515
R93, -11.9343665546
R94, -4.72141217113
R95, -4.96796593845
R96, -5.43258594868
R97, -0.295674057779
R98, -3.5293424263
R99, -8.16925852059
R100, -1.76469887689
R101, -0.395096378113
R102, -0.0125937202662
R103, -2.04045335496
R104, -2.31763299647
R105, -2.11690958131
R106, -0.00889676883202
R107, 0.68143433687
R108, -0.0441059736146
R109, -3.36276398941
R110, -2.77741080879
R111, 0.0544217037916
R112, -0.0982849717405
R113, -2.29925083631
R114, 0.170978562108
R115, -0.165868772357
R116, -0.785763498055
R117, -1.06408047701
R118, -0.394080440681
R119, 0.141798511478
R120, -4.23249253085
R121, -1.88994242453
R122, -3.18513646539
R123, -3.89905255781
R124, -3.36971703188
R125, -3.37716950597
R126, -8.8237309252
R127, -5.1158247909
R128, -3.70641345704
R129, -0.132924679119
R130, -1.57807525307
R131, -0.19156786643
R132, -5.37407452845
R133, -2.89814233538
R134, 0.238364379934
R135, -4.65423186189
R136, -0.0211002146297
R137, -0.0269456479194
R138, 0.279196751606
R139, -0.13640296387
R140, 0.0155277745018
R141, -0.196187576551
R142, -0.10262880198
R143, 0.617615594353
R144, 0.00941985187451
R145, -1.60650880179
R146, -1.36044803336
R147, -0.736932113499
R148, -1.2286363405
R149, 0.45666750336
R150, -3.79987351057
R151, -4.20794731723
R152, -6.59813607182
R153, -10.9361113987
R154, -1.029810648
R155, -8.23625282656
R156, -10.477406176
R157, -4.29742446285
R158, 0.455861277511
R159, -4.81920823276
R160, -5.0511414213
R161, 0.0654448524672
R162, -3.44589563936
R163, -2.82503931666
R164, -1.10314380169
R165, -0.705954085442
R166, -2.72352310251
R167, -2.72291849214
R168, 0.102801281599
R169, 0.30048670133
R170, 0.00281251002931
R171, -0.372783477161
R172, -0.405978334834
R173, -2.31830844251
R174, -1.44976393153
R175, -0.127073303988
R176, -10.5939890481
R177, -0.730166598952
R178, -6.14678580445
R179, -0.914317109676
R180, 0.169692306912
R181, -3.50034269464
R182, -5.8007346238
R183, -8.85358085294
R184, -10.0871841712
R185, -0.218950525873
R186, -9.14666403235
R187, -3.62770148103
R188, -5.21145222244
R189, -1.06801186688
R190, -0.80086950769
R191, -4.66948248002
R192, -6.69418915208
R193, -1.50528336276
R194, -0.177991412898
R195, -0.0924505242955
R196, -9.67284446884
R197, 0.173770032001
R198, -0.523804864745
R199, -1.87270993861
R200, -0.413967427138
R201, 0.0203872609832
R202, -1.95614208508
R203, -2.44833345688
R204, -0.418024271806
R205, -4.24569356501
R206, -3.94644807928
R207, -0.865455483782
R208, 0.0658963344816
R209, -0.0729082800323
R210, -3.77783868001
R211, -9.82121532728
R212, -3.29448829043
R213, -0.34328055399
R214, -1.22707315113
R215, -0.976794079841
R216, -0.377788760484
R217, -0.381063077876
R218, 0.110521581593
R219, -0.117944939242
R220, -6.2134128502
K1, -1.44984710105
K2, 0.35432218689
K3, 0.280055873097
K4, 0.109383947241
K5, -0.104655269976
K6, 0.665537905001
K7, 0.444253681226
K8, -0.378655850343
K9, -0.0866331409854
K10, -0.224754398778
K11, 0.169379071602
K12, -0.333456819668
K13, -1.26098211451
K14, 0.850686273769
K15, 0.0269704085401
K16, -0.0330576037542
K17, -3.31348422618
K18, -5.42246840187
K19, -4.84672052006
K20, -7.06821493466
K21, -6.63610392202
K22, -7.8186953353
K23, -9.30628242498
K24, -8.09345222616
K25, 0.113272596476
K26, -7.73563959557
K27, -0.815760993993
K28, -3.5746742158
K29, 0.19442624125
K30, -0.188430274261
K31, -8.79325031874
K32, -8.60719123011
K33, -0.349873757633
K34, 0.546868025248
K35, -8.75158113944
K36, -2.85220797279
K37, -3.78834861223
K38, 0.355783230965
K39, -0.0351163131794
K40, 0.0804028736003
K41, -4.22086010239
K42, -9.17846025137
K43, -10.1843448076
K44, -5.58529013247
K45, -8.97623661229
K46, -9.02951140533
K47, -3.43369660946
K48, -1.06728884388
K49, -3.48630987569
K50, -6.33124934049
K51, -2.42045164692
K52, -8.901997982
K53, 0.265018736402
K54, -8.91148943097
K55, -1.03208975989
K56, -2.90477198392
K57, -1.98926359327
K58, -0.526036269439
K59, -1.88521280757
K60, 0.111694155355
K61, 0.407738667855
K62, -0.0330102602698
K63, -2.5111971387
K64, -0.540777787509
K65, -3.17751295454
K66, -2.10833125144
K67, -8.74097303988
K68, -9.75948633753
K69, -9.70048315016
K70, -0.876509417181
K71, -10.0316890586
K72, -6.08508875322
K73, -0.0700559164839
K74, 0.269095730798
K75, -9.90912241643
K76, 0.406767936453
K77, -9.66163901413
K78, -0.64197481383
K79, -2.98759837263
K80, -4.35645144474
K81, -6.85740545859
K82, -4.97147427982
K83, -4.00126129992
K84, 0.33671113099
K85, -5.24944635366
K86, 0.147226130874
K87, -1.97446097551
K88, -2.65571629726
K89, -0.758818856564
K90, -2.5001045083
K91, -2.1125355662
K92, -2.31405054139
K93, -10.241906766
K94, -4.25917854966
K95, -6.26509700549
K96, -4.98617139964
K97, 0.400917834115
K98, -3.80559959098
K99, -7.92872988106
K100, 0.0262054573027
K101, 0.763770851935
K102, -1.53395203175
K103, -2.38946778651
K104, -3.19042327364
K105, -1.78994155076
K106, -3.33413300134
K107, 0.594932593723
K108, 0.471572638733
K109, -8.60719123011
K110, -2.66364331357
K111, 0.432000503931
K112, 0.326274942314
K113, -2.66878969581
K114, 0.128569023767
K115, 0.427684994732
K116, -0.184657287368
K117, -0.786337421857
K118, -0.0731814624171
K119, 0.605396903917
K120, -2.18098936927
K121, 0.600179677318
K122, -3.66512551564
K123, -0.0300686525676
K124, -2.74381294084
K125, -0.702745047714
K126, -6.92561053922
K127, -2.73337095189
K128, -7.40029098492
K129, --
K130, -1.90799575097
K131, -0.191191548296
K132, 0.938262061281
K133, -8.15866988561
K134, -0.374520975935
K135, -8.60719123011
K136, -2.12167297772
K137, -0.0799105424741
K138, -0.412312048601
K139, -0.414850779142
K140, -0.168939819585
K141, -0.607095715854
K142, -0.0693979073738
K143, 1.43212221273
K144, 0.442871398547
K145, 0.571330082643
K146, -0.95580573628
K147, -1.772515923
K148, -3.49340038932
K149, 0.130735340571
K150, -5.3026801883
K151, -3.59478871029
K152, -9.0976158511
K153, -6.7315234871
K154, -0.295036583307
K155, -4.78040141548
K156, -8.042528291
K157, -1.94765440523
K158, 0.792187276664
K159, -5.08813562878
K160, -7.45323986487
K161, 0.424022214658
K162, -4.15459355699
K163, -2.95310890489
K164, -0.174911017284
K165, -2.12443649388
K166, -2.01134489913
K167, 0.32775380975
K168, 0.571640819887
K169, -0.795243196749
K170, 0.510215098661
K171, -0.0224353591078
K172, -0.438630472659
K173, -0.109094774911
K174, -1.25271962401
K175, 0.138184034522
K176, -9.87556985672
K177, 0.243353443463
K178, -9.29181919567
K179, -0.466654821967
K180, 0.358926689106
K181, -1.61980693987
K182, -9.0554287797
K183, -9.98749892585
K184, -9.40365783602
K185, 0.203888563258
K186, -7.97170695381
K187, -9.98300454514
K188, -4.32832000946
K189, -2.38903222651
K190, -0.540411490078
K191, -3.41198682022
K192, -5.04881073414
K193, -0.541988524256
K194, 0.158098275038
K195, -1.09828048638
K196, -9.17057665229
K197, -0.168417673014
K198, -0.303602783762
K199, -2.56902732817
K200, -0.538722458146
K201, 0.132766495257
K202, -4.00208060285
K203, -4.08186793693
K204, -0.238715509696
K205, -1.59262246759
K206, -10.0829902873
K207, 0.404221333802
K208, -0.358529234132
K209, 0.105591033029
K210, -2.93566420388
K211, -10.4483576435
K212, -3.30131636745
K213, -0.575317434201
K214, -0.876591719571
K215, -0.403118463603
K216, -0.0791281869808
K217, 0.289178301426
K218, 0.0816908186389
K219, -0.748014663455
K220, -10.0660917628
D1, -1.93619498849
D2, 0.155296556475
D3, -0.238098592531
D4, 0.608841454234
D5, 0.889001444194
D6, -0.322515940559
D7, 0.413668801867
D8, -0.169975758584
D9, -0.135884987007
D10, 0.344047037332
D11, 0.133212978137
D12, 0.10450797273
D13, -0.970483757956
D14, -0.188085614264
D15, -0.536758635859
D16, 0.19328608271
D17, -2.33446534159
D18, -2.39713727615
D19, -4.49386430911
D20, -0.445379281982
D21, -8.042528291
D22, -7.8186953353
D23, -6.80857111803
D24, -6.33124934049
D25, -9.50744693895
D26, -3.61129562844
D27, -7.13455742949
D28, -3.34045486784
D29, -5.01844438348
D30, -0.0704242346616
D31, -9.88041111979
D32, -8.98525348564
D33, 0.231190824245
D34, 0.324188647457
D35, -8.33830409803
D36, 0.375920997447
D37, -4.98582308296
D38, 0.051502743215
D39, -7.60133850386
D40, -5.37031890517
D41, -8.94884284546
D42, 0.273511276846
D43, -6.72491318898
D44, -4.76404331058
D45, -9.13860426255
D46, -6.63610392202
D47, -8.35231095602
D48, -0.435352926638
D49, 0.284004248225
D50, -5.51680499365
D51, -3.22517082108
D52, -0.633245559026
D53, 0.974596291392
D54, -2.90828034139
D55, 0.30946714175
D56, -8.17452383681
D57, -0.116910446861
D58, -1.2200963932
D59, -0.0450730743766
D60, -0.875363693613
D61, -1.97659557705
D62, -0.116268836037
D63, -2.19724391331
D64, 0.492464712615
D65, -2.20047532797
D66, -2.1697180598
D67, -0.533520401991
D68, -4.97519256807
D69, -6.80857111803
D70, -7.50431404947
D71, -6.8486485574
D72, -7.03386342987
D73, -3.2842655686
D74, -0.227293992969
D75, -6.08508875322
D76, -1.463031117
D77, -8.07667651341
D78, -8.53534094509
D79, -3.82874899996
D80, -3.94790138271
D81, -8.40701684811
D82, -8.92091884389
D83, -2.60927175173
D84, 0.190559115241
D85, -0.493261720503
D86, 0.188791419291
D87, -2.12462841367
D88, -0.985379396579
D89, -1.54497998907
D90, -1.74262840263
D91, -3.45959238838
D92, -3.52208152139
D93, -0.738716799102
D94, -7.97170695381
D95, 0.505717414897
D96, -9.06396546166
D97, -7.01772874121
D98, -3.91601479595
D99, -3.44865609333
D100, -4.00121619597
D101, -7.00076789879
D102, -0.581690527594
D103, -1.84586153092
D104, -2.95723492779
D105, 0.366848793429
D106, -2.98575060873
D107, 0.650542220316
D108, 0.424770643216
D109, -0.50770626567
D110, -3.17822986903
D111, 1.33875333921
D112, 0.265413317886
D113, -0.629810871852
D114, 0.53663712933
D115, 0.0622836838458
D116, -0.0619572502966
D117, 0.528011846618
D118, -0.253177999264
D119, 0.219358292616
D120, 0.821415373891
D121, -1.42881524958
D122, -2.46915703016
D123, -5.78810701547
D124, -1.87820452933
D125, -8.39353361875
D126, -3.04946484349
D127, 0.197811826306
D128, -0.182194119589
D129, 0.0949452220248
D130, 0.527208256348
D131, -6.7673484553
D132, -6.88764268902
D133, -7.73563959557
D134, -0.969863777267
D135, -7.73563959557
D136, 0.650254674098
D137, -1.2903402941
D138, -0.1627302463
D139, -0.765010237217
D140, -0.573600698653
D141, -3.02265904514
D142, -1.27032222209
D143, -1.64226015365
D144, -0.735785980337
D145, 0.0501412814461
D146, -0.969164119135
D147, 0.685631512475
D148, 0.219580000183
D149, 0.131793546021
D150, -0.567193523057
D151, -3.80304328577
D152, -10.4932950485
D153, -6.68119181155
D154, -7.91621184122
D155, -7.77776507125
D156, -8.78294531035
D157, -1.05936192811
D158, 0.605237602115
D159, -4.84282418518
D160, -1.17494762292
D161, -0.0419460629214
D162, -4.79733915897
D163, -3.31654284168
D164, -0.775233490638
D165, 0.288913654385
D166, -1.62625452893
D167, 0.196019609212
D168, -1.28565522519
D169, 0.417264616885
D170, -0.331098059097
D171, -0.102962617202
D172, 0.267735213362
D173, 0.375997362987
D174, -0.545435340771
D175, -0.449218210305
D176, -2.36385307081
D177, 1.4169435091
D178, -5.41371150069
D179, -0.166318813955
D180, -0.501972464081
D181, -0.831722316279
D182, -6.49171401269
D183, 0.357381436886
D184, -8.53534094509
D185, -1.57335465633
D186, -7.69224700006
D187, -8.63036755247
D188, -0.171217873293
D189, -2.00840843631
D190, -0.931104201607
D191, -3.67735994996
D192, -0.163730836759
D193, -2.60311456594
D194, -0.0459085717452
D195, -2.3421902033
D196, -3.6366623486
D197, -0.350039703864
D198, -2.09120874137
D199, -7.45323986487
D200, -0.070146628989
D201, 0.0893037019311
D202, -0.400512002931
D203, -6.68119181155
D204, -0.394245777623
D205, 0.12736411122
D206, -7.71410643402
D207, -3.76635246283
D208, 0.226328754392
D209, -4.42770477277
D210, -8.28087581798
D211, -8.11003511035
D212, -0.725765157494
D213, 0.389162192675
D214, 0.27716938903
D215, 0.907701253942
D216, 0.665870530656
D217, 0.361025777337
D218, -5.61302030891
D219, -0.0555682276001
D220, -8.20571845841
E1, -2.03799873584
E2, 0.48631790199
E3, 0.144212766941
E4, -0.16429974736
E5, 0.58752496309
E6, -0.137713181454
E7, 0.135003932599
E8, 0.642385822001
E9, 0.098975099061
E10, -0.98133488277
E11, -0.172956698611
E12, 0.0721334868423
E13, -1.13649758854
E14, 0.42065215512
E15, -0.0677619953131
E16, -2.30341048193
E17, -0.150218825296
E18, -0.618253450486
E19, -3.84453954744
E20, 0.44713317691
E21, -7.55364176183
E22, -7.50431404947
E23, -8.29544861907
E24, -2.57499240772
E25, -5.27941040897
E26, -7.40029098492
E27, -9.13049921291
E28, -3.54347263887
E29, -4.43354451468
E30, 0.137580344433
E31, -4.20784768123
E32, -0.268082443053
E33, -1.15093772082
E34, 0.124981658452
E35, -2.88049561293
E36, 0.533087816359
E37, -5.05372342654
E38, 0.589710837616
E39, -7.95344474741
E40, 0.0537660203745
E41, -9.36963043222
E42, 0.199212829537
E43, -8.92091884389
E44, -3.47506390657
E45, -9.04684128387
E46, -7.40029098492
E47, -8.63036755247
E48, -1.33936415923
E49, 0.526190813
E50, -6.2134128502
E51, -8.3098756897
E52, -0.133721341593
E53, 0.341700522494
E54, -2.96416920921
E55, 0.162902105312
E56, -9.61010871349
E57, 0.158821550494
E58, -0.418887240414
E59, -8.85358085294
E60, -0.110081685714
E61, -0.35903595439
E62, -0.231668356881
E63, -2.34283187711
E64, -0.356012894731
E65, -2.42112153036
E66, -1.25701558365
E67, -3.97684763895
E68, -6.06254618457
E69, -8.14263977579
E70, -8.17452383681
E71, -8.45972389844
E72, -0.924557553957
E73, -0.185942424671
E74, 0.0293501568436
E75, -8.09345222616
E76, 0.165752980837
E77, -8.74097303988
E78, -8.02514621277
E79, -0.564133558311
E80, -2.17654193741
E81, -9.64466593553
E82, -10.2267800739
E83, -3.66521102616
E84, 0.865363828457
E85, 0.446327267911
E86, 0.113073789718
E87, 0.203886999103
E88, -0.777081759773
E89, 0.634016753018
E90, 0.275658321657
E91, -1.35733353701
E92, -1.75684224354
E93, -0.737699020403
E94, -10.230576642
E95, -0.160984427599
E96, -5.16217273369
E97, -3.76838609884
E98, -2.91916429519
E99, -4.25177929
E100, -1.18124503317
E101, -4.57559610564
E102, -1.57636183833
E103, -2.01544064265
E104, -2.79614685794
E105, -0.0364799076722
E106, -2.46843675274
E107, 0.408587343685
E108, 0.503602255053
E109, 0.704949028519
E110, -3.02898162969
E111, 0.064207582772
E112, -0.172988707295
E113, -0.740004934137
E114, 0.3870591558
E115, -0.565902066685
E116, 0.253019390057
E117, 0.235067674003
E118, 0.0810735311955
E119, 0.603454079619
E120, -0.793870853408
E121, 0.910188947341
E122, -2.61780466621
E123, -3.44184617161
E124, -4.077906099
E125, -8.33830409803
E126, -7.2881806186
E127, 0.200584920683
E128, 0.621777952022
E129, 0.185611952316
E130, -0.998625732172
E131, -4.69092484169
E132, -8.64181757322
E133, -4.39735688784
E134, -0.964837604046
E135, -7.64750868529
E136, 0.126955713479
E137, -0.053805404823
E138, 0.148846508146
E139, -0.527579465244
E140, 0.358169072391
E141, -1.23013743773
E142, -0.938038331412
E143, -0.627027779502
E144, 0.202250682953
E145, 0.350633150494
E146, -0.650797857983
E147, 0.660091248678
E148, -0.594534870167
E149, 0.466554846483
E150, -0.245148174702
E151, -2.69838006529
E152, -5.49964687219
E153, -8.09345222616
E154, 0.0134384012084
E155, -4.69309390061
E156, -3.58874556279
E157, -7.98974087664
E158, 0.711771170317
E159, -9.32060209629
E160, 1.08347503995
E161, 0.0116387667639
E162, -3.95368868627
E163, -3.31521306916
E164, -0.137259725675
E165, 0.38556092282
E166, 0.706034257458
E167, 0.215690359835
E168, -0.069920474751
E169, 0.264097523993
E170, 0.245236372264
E171, -1.9505901229
E172, -0.288646048636
E173, -9.06396546166
E174, -0.0129206506755
E175, -0.34298629279
E176, -10.0871841712
E177, 0.0136596683279
E178, -7.79837535092
E179, -0.187768007346
E180, 0.634029385803
E181, -8.44672655791
E182, -7.72849752633
E183, -7.60133850386
E184, -7.46360037648
E185, 0.289679766434
E186, -9.23247118602
E187, -3.02447347084
E188, 0.321834279177
E189, 0.305147692293
E190, -0.159141815799
E191, -1.35362991939
E192, -2.70379072953
E193, 0.584289713188
E194, 0.263210154026
E195, -4.37843602594
E196, -4.30670070657
E197, -0.615883476305
E198, 0.592557088268
E199, -2.00527441254
E200, 0.408018847308
E201, -0.135509600686
E202, -0.140556342135
E203, -1.11845402121
E204, 0.203404293873
E205, 0.0672268013116
E206, -8.70867254797
E207, 0.395450572024
E208, -0.166427616537
E209, 0.233563978073
E210, -0.770753067655
E211, -8.85358085294
E212, -0.383882826004
E213, 0.0328149382648
E214, 1.16452065442
E215, 0.698689124153
E216, 0.272178907659
E217, 0.485070211385
E218, -0.0336009423257
E219, 0.170035279865
E220, -8.5596908065
